chrom	start	stop	ref_allele	alt_allele	driver_stat
chr5	133583288	133583289	G	GAACCTT	0
chr5	140042945	140042946	C	CGCTGCTGCT	0
chr5	179345257	179345261	GGCA	G	0
chr5	131988556	131988557	C	CTG	0
chr5	108381022	108381038	GCCGCCGCCGCAGCCC	G	0
chr5	149996156	149996158	TC	T	0
chr5	176384090	176384091	C	CAT	0
chr5	179345257	179345258	G	GGCA	0
chr5	135936683	135936684	C	CA	0
chr5	179644807	179644811	GTCC	G	0
chr5	141178731	141178732	T	TCC	0
chr5	159203620	159203621	G	GT	0
chr5	114486759	114486760	T	TA	0
chr5	141387923	141387930	CTGCCAG	C	0
chr5	98856459	98856463	AAGG	A	0
chr5	176599119	176599133	TCAAAGACCCAGGA	T	0
chr5	129461621	129461622	T	TCCCGGC	0
chr5	138560907	138560909	AT	A	0
chr5	77620509	77620510	G	GC	0
chr5	139848486	139848493	CCCGGGT	C	0
chr5	141178733	141178736	GTC	G	0
chr5	141573995	141573996	T	TGGAGGA	0
chr5	123090275	123090276	A	ACCTCCGCCT	0
chr5	157052431	157052435	CTTG	C	0
chr5	80654879	80654898	TGCAGCGGCTGCAGCGGCC	T	0
chr5	157052545	157052561	GTTGGAACAGTCGTCA	G	0
chr5	179860621	179860622	G	GTA	0
chr5	114486759	114486761	TA	T	0
chr5	172914889	172914891	TC	T	0
chr5	113488350	113488351	T	TGCC	0
chr5	140552042	140552043	A	AGT	0
chr5	172915025	172915026	G	GT	0
chr5	73447201	73447217	GGCGGCGGCGGCCTGC	G	0
chr5	153492227	153492228	T	TC	0
chr5	148427797	148427804	ATGGGAG	A	0
chr5	56882020	56882024	TCAA	T	0
chr5	7867363	7867367	TATA	T	0
chr5	40841468	40841471	CTT	C	0
chr5	64728112	64728113	C	CT	0
chr5	66596938	66596939	T	TGCC	0
chr5	137753255	137753256	C	CGCT	0
chr5	181155255	181155260	TTGTC	T	0
chr5	113488338	113488339	T	TGCC	0
chr5	135033030	135033032	CA	C	0
chr5	112419971	112419973	CG	C	0
chr5	115866719	115866724	TAAGA	T	0
chr5	140862865	140862867	GC	G	0
chr5	74726020	74726027	TACTCAA	T	0
chr5	61332353	61332354	A	AGCG	0
chr5	80654904	80654905	G	GCCGCAGCGC	0
chr5	135940511	135940515	AGTT	A	0
chr5	141393330	141393332	GC	G	0
chr5	141945400	141945401	T	TGCTGCTGCTGCTGCTGCC	0
chr5	140807402	140807405	AGG	A	0
chr5	2751180	2751184	CCGG	C	0
chr5	159203632	159203633	C	CT	0
chr5	181260426	181260430	CTCT	C	0
chr5	220317	220318	T	TG	0
chr5	78450028	78450029	C	CA	0
chr5	102234798	102234805	CTTTCCT	C	0
chr5	141096048	141096049	A	ACATCAC	0
chr5	114362933	114362934	T	TGCC	0
chr5	75195889	75195893	TTCA	T	0
chr5	141194595	141194602	CAGGCCG	C	0
chr5	75590467	75590471	GTTT	G	0
chr5	140552043	140552044	C	CG	0
chr5	141573995	141573999	TGGA	T	0
chr5	128084238	128084245	TGCGGCG	T	0
chr5	78450030	78450031	A	AG	0
chr5	122152939	122152941	AT	A	0
chr5	109855233	109855237	TCTC	T	0
chr5	140807395	140807396	G	GACA	0
chr5	159203632	159203634	CT	C	0
chr5	271741	271754	CCCGGCCCTGGGG	C	0
chr5	128084244	128084263	GGCGGCGGCGGCGGCGGCA	G	0
chr5	73447471	73447472	G	GGC	0
chr5	138560907	138560908	A	AT	0
chr5	140807398	140807400	GC	G	0
chr5	135941550	135941553	GCT	G	0
chr5	136177395	136177396	T	TC	0
chr5	78101010	78101014	TTTC	T	0
chr5	132813629	132813630	G	GGCCGCCGCC	0
chr5	61332325	61332326	G	GGGC	0
chr5	11385088	11385092	CGCG	C	0
chr5	150903147	150903151	TTCA	T	0
chr5	157294853	157294854	T	TC	0
chr5	176599133	176599145	TCCTCCTTCCTC	T	0
chr5	80654921	80654931	GCCCCCAGCT	G	0
chr5	177503169	177503173	AGAG	A	0
chr5	1038471	1038472	G	GCCCCCAC	0
chr5	45695883	45695893	GCCGCCGCCA	G	0
chr5	113488341	113488342	T	TGCTGCTGCC	0
chr5	181242561	181242562	C	CT	0
chr5	61332325	61332332	GGGCGGC	G	0
chr5	168454023	168454027	TGGA	T	0
chr5	149995315	149995317	CT	C	0
chr4	3074926	3074927	G	GCAA	0
chr4	185445022	185445024	TG	T	0
chr4	15004113	15004114	A	AGCG	0
chr4	112657325	112657326	G	GA	0
chr4	87616076	87616077	A	AGTG	0
chr4	176184857	176184862	TTCTC	T	0
chr4	3589095	3589100	GACAC	G	0
chr4	37960986	37960989	CAT	C	0
chr4	87615163	87615167	TAGC	T	0
chr4	4226545	4226555	TCCACAGCAG	T	0
chr4	139889908	139889912	TTGC	T	0
chr4	3767567	3767580	AGGGGGCGGGGCC	A	0
chr4	100187717	100187719	GT	G	0
chr4	186191192	186191193	C	CGTT	0
chr4	77075483	77075487	TTCC	T	0
chr4	112432365	112432369	GTTC	G	0
chr4	87616018	87616028	CAGCAGCAAT	C	0
chr4	146639304	146639314	TGGCGGCGGC	T	0
chr4	1395172	1395175	TCA	T	0
chr4	5989140	5989143	CCT	C	0
chr4	49032651	49032653	CA	C	0
chr4	56410898	56410909	TAAAAAAAAAA	T	0
chr4	78870981	78870994	ACAGCAGCAGCAG	A	0
chr4	7042778	7042782	GCTC	G	0
chr4	139889908	139889915	TTGCTGC	T	0
chr4	1025265	1025268	CCA	C	0
chr4	154323248	154323253	TTTTG	T	0
chr4	87615919	87615929	TAGCAGTGAC	T	0
chr4	3074944	3074945	A	ACCGCCG	0
chr4	87615997	87616007	CGATAGCAGT	C	0
chr4	146639304	146639308	TGGC	T	0
chr4	1394590	1394591	G	GCACA	0
chr4	3228682	3228686	AGAG	A	0
chr4	183446404	183446408	TCTG	T	0
chr4	9175274	9175275	G	GC	0
chr4	87615715	87615734	TAGTGACAGCAGCAATAGC	T	0
chr4	139730429	139730433	TCTG	T	0
chr4	146639304	146639317	TGGCGGCGGCGGC	T	0
chr4	176683929	176683930	CTCA	C	0
chr4	184694536	184694546	ACAGATGAAG	A	0
chr4	3587991	3587993	CA	C	0
chr4	87615389	87615399	AACAGCAGTG	A	0
chr4	139889930	139889942	TGCTGCTGCTGC	T	0
chr4	5525387	5525388	A	AT	0
chr4	1394842	1394843	C	CGCCTGCTCACACGTGCCG	0
chr4	1394588	1394591	ATG	A	0
chr4	87616077	87616078	G	GTGA	0
chr4	78870927	78870931	CCAG	C	0
chr4	87615748	87615767	CAGCAGTGACAGCAGCGAT	C	0
chr4	88008020	88008024	CGAG	C	0
chr4	70602627	70602631	CAGG	C	0
chr4	146639304	146639305	T	TGGC	0
chr4	151279865	151279866	G	GCAGGT	0
chr4	87616294	87616304	TGACAGCAGC	T	0
chr4	15003253	15003254	A	AGCCGCC	0
chr4	4197220	4197227	GCGTTGC	G	0
chr4	25030638	25030642	CCAG	C	0
chr4	109869930	109869934	ATCT	A	0
chr4	1394836	1394837	C	CACGTGCCGATGCGGA	0
chr4	80286531	80286532	G	GAGC	0
chr4	174977591	174977595	TTTA	T	0
chr4	121157143	121157162	CTCTCTGCCTGTCGTCCTT	C	0
chr4	3587993	3587995	AC	A	0
chr4	15511380	15511384	GGAA	G	0
chr4	2042386	2042390	ACCG	A	0
chr4	87615729	87615733	ATAG	A	0
chr4	56410898	56410910	TAAAAAAAAAAA	T	0
chr4	73258353	73258366	TCCGCCTCCACCG	T	0
chr4	87616285	87616304	TGACAGCAGTGACAGCAGC	T	0
chr4	1394833	1394834	T	TCA	0
chr4	76144164	76144165	C	CTGT	0
chr4	110011232	110011233	G	GC	0
chr4	139889928	139889930	GC	G	0
chr4	119026805	119026809	AAAG	A	0
chr4	1395154	1395159	TGTGG	T	0
chr4	100480003	100480007	TAAC	T	0
chr4	139889908	139889909	T	TTGC	0
chr4	87313943	87313945	CG	C	0
chr4	87614860	87614879	TAGCAGTGACAGCAGCAAC	T	0
chr4	56410898	56410908	TAAAAAAAAA	T	0
chr4	3589095	3589098	GAC	G	0
chr6	31356965	31356966	G	GCA	0
chr6	113970944	113970948	CCTG	C	0
chr6	46690238	46690242	GAGA	G	0
chr6	151352980	151352981	T	TGAG	0
chr6	167328089	167328090	C	CTG	0
chr6	3289980	3289981	C	CT	0
chr6	32530184	32530185	T	TGC	0
chr6	109528996	109528998	AC	A	0
chr6	160646218	160646219	T	TAAAAA	0
chr6	32007071	32007075	CGAG	C	0
chr6	170561965	170561970	AGCAG	A	0
chr6	70859362	70859363	C	CCAT	0
chr6	109443670	109443674	TGGA	T	0
chr6	143443149	143443150	A	AT	0
chr6	7910636	7910640	TCCG	T	0
chr6	31356247	31356248	G	GTC	0
chr6	32403191	32403193	TG	T	0
chr6	43198672	43198676	TGGG	T	0
chr6	8427903	8427904	A	AAGT	0
chr6	31029825	31029838	CAACACAGCCTGT	C	0
chr6	32530182	32530185	CTT	C	0
chr6	7910636	7910637	T	TCCG	0
chr6	32584182	32584183	T	TCC	0
chr6	3289980	3289984	CTTT	C	0
chr6	29417830	29417831	G	GCTGGCCTGTGGGAACA	0
chr6	31356746	31356749	GCC	G	0
chr6	31954624	31954631	TCGATCC	T	0
chr6	136278775	136278776	A	ATGAGAT	0
chr6	138218045	138218046	A	AG	0
chr6	170561948	170561952	GCAA	G	0
chr6	31412382	31412384	TG	T	0
chr6	109528606	109528607	C	CTGCAGT	0
chr6	1390849	1390850	G	GGGC	0
chr6	3289980	3289983	CTT	C	0
chr6	32641446	32641447	T	TTC	0
chr6	29943001	29943002	G	GCTCC	0
chr6	32530179	32530180	C	CAG	0
chr6	32530181	32530182	G	GAA	0
chr6	45422748	45422767	AGGCGGCGGCGGCGGCTGC	A	0
chr6	70798665	70798667	GA	G	0
chr6	32641460	32641464	AGGT	A	0
chr6	31356710	31356711	C	CGG	0
chr6	31356714	31356716	GC	G	0
chr6	32581567	32581568	G	GCA	0
chr6	151349193	151349197	AAGG	A	0
chr6	156778870	156778874	CGGA	C	0
chr6	31772985	31772986	A	ACAGGCTCCATGGGG	0
chr6	31356755	31356756	T	TTCA	0
chr6	31356961	31356965	GGGT	G	0
chr6	113860032	113860033	G	GA	0
chr6	31029860	31029870	CACCCTCCAG	C	0
chr6	113860032	113860034	GA	G	0
chr6	2766128	2766141	GGGCGACGGCGAT	G	0
chr6	7727288	7727289	G	GAGC	0
chr6	31356825	31356827	CT	C	0
chr6	31736287	31736291	GTTC	G	0
chr6	33086235	33086237	TA	T	0
chr6	31138722	31138723	T	TC	0
chr6	113970944	113970945	C	CCTG	0
chr6	160139847	160139851	CATG	C	0
chr6	44002765	44002766	C	CGCG	0
chr6	16327671	16327672	C	CTGA	0
chr6	41753943	41753944	G	GT	0
chr6	87398329	87398333	AGAT	A	0
chr6	95587018	95587021	CTG	C	0
chr6	170561965	170561967	AG	A	0
chr6	15546062	15546064	CT	C	0
chr6	1390040	1390044	CCCG	C	0
chr6	160992011	160992012	A	ACCG	0
chr6	36721184	36721185	C	CAGGCTGCCTCCCCTGAGG	0
chr6	109585125	109585129	GCTT	G	0
chr6	43021694	43021713	CCGGGGCCCGACGTCCCCG	C	0
chr6	41798693	41798694	C	CCCCCA	0
chr6	109442743	109442745	TC	T	0
chr6	31356758	31356762	TAGA	T	0
chr6	109528995	109528998	AAC	A	0
chr6	31138079	31138081	AG	A	0
chr6	32522148	32522149	A	ACCCGTAGAG	0
chr6	34889524	34889525	G	GGGCGGC	0
chr6	31772982	31772983	T	TGGACAGGCTCCATG	0
chr6	167381094	167381096	CA	C	0
chr6	31356747	31356750	CCT	C	0
chr6	78903026	78903028	CA	C	0
chr6	156778888	156778892	CGGA	C	0
chr6	12749543	12749545	TC	T	0
chr6	32584175	32584178	CCG	C	0
chr6	29943333	29943336	ACC	A	0
chr6	31166340	31166341	C	CGAG	0
chr6	31356750	31356751	G	GGA	0
chr6	1611781	1611785	ACGG	A	0
chr6	7910697	7910701	CCAG	C	0
chr6	15546062	15546065	CTT	C	0
chr6	29943337	29943338	G	GAA	0
chr6	31627994	31628007	GCCTGCTGCCCCA	G	0
chr6	32584362	32584364	TG	T	0
chr6	44002765	44002772	CGCGGCG	C	0
chr6	136592527	136592528	T	TGTC	0
chr6	31029844	31029854	GGTTCTGAGA	G	0
chr6	31356244	31356247	TCC	T	0
chr6	32584177	32584178	G	GCT	0
chr6	32584368	32584370	AG	A	0
chr6	161098317	161098321	CCTG	C	0
chr6	29942992	29942996	ACCC	A	0
chr6	71301875	71301879	GAGA	G	0
chr6	27255284	27255300	AAAGGAGAGCCAGATT	A	0
chr6	32522159	32522160	G	GAGTA	0
chr6	32641442	32641445	TGA	T	0
chr6	98835295	98835296	A	ACAG	0
chr6	99613747	99613751	CCCG	C	0
chr6	156779261	156779262	G	GCGC	0
chr6	24798730	24798734	CCTT	C	0
chr6	60430440	60430441	G	GA	0
chr6	29944250	29944252	AG	A	0
chr6	32666522	32666525	GTA	G	0
chr6	42104970	42104977	ACTCCTC	A	0
chr6	44172316	44172317	T	TGGCTGCC	0
chr6	159790612	159790616	GGTT	G	0
chr6	31356427	31356428	G	GCC	0
chr6	41786834	41786835	C	CCTT	0
chr6	1611566	1611567	G	GGGC	0
chr6	22570116	22570117	G	GGGC	0
chr6	152697963	152697968	GAGAT	G	0
chr6	30590699	30590700	G	GA	0
chr6	31356718	31356720	GT	G	0
chr6	31356823	31356824	C	CG	0
chr6	84186594	84186598	TTTC	T	0
chr6	32584360	32584361	G	GTA	0
chr6	31271150	31271153	TCA	T	0
chr6	148343105	148343106	T	TGAGCCC	0
chr6	29942996	29942998	TG	T	0
chr6	31356429	31356432	AGG	A	0
chr6	32977920	32977924	TGAG	T	0
chr6	29657254	29657258	TTCC	T	0
chr6	32584182	32584185	TGC	T	0
chr6	31117164	31117168	GCTT	G	0
chr6	168308553	168308554	G	GCCCCTGCCGGCA	0
chr6	99613747	99613748	C	CCCG	0
chr6	118491646	118491650	ATGT	A	0
chr6	31138722	31138724	TC	T	0
chr6	70798665	70798666	G	GA	0
chr6	1611584	1611600	CGCGGGGGCCGCGGGG	C	0
chr6	31356716	31356720	AGGT	A	0
chr6	31271153	31271154	G	GTC	0
chr6	31356715	31356717	CA	C	0
chr6	32584180	32584181	C	CTT	0
chr6	30578075	30578077	CA	C	0
chr6	99558418	99558420	TA	T	0
chr6	35141211	35141213	TC	T	0
chr6	1611781	1611782	A	ACGG	0
chr6	36986142	36986144	AG	A	0
chr6	161098317	161098324	CCTGCTG	C	0
chr6	170561962	170561965	AGC	A	0
chr6	3289980	3289985	CTTTT	C	0
chr6	3289980	3289982	CT	C	0
chr6	29828656	29828658	AC	A	0
chr6	32584169	32584171	CG	C	0
chr6	31029841	31029842	A	ACTG	0
chr6	116792597	116792598	A	AGG	0
chr6	12749482	12749486	CTTT	C	0
chr6	31412223	31412225	TG	T	0
chr6	32584366	32584368	AC	A	0
chr6	99558418	99558419	T	TA	0
chr6	29670737	29670743	CTGTTA	C	0
chr6	31029835	31029839	TGTA	T	0
chr6	32530180	32530181	A	AAC	0
chr6	43021674	43021681	CGCCGGG	C	0
chr6	9900365	9900366	T	TGAG	0
chr6	15546062	15546063	C	CTT	0
chr6	32530181	32530184	GCT	G	0
chr6	32638950	32638952	AG	A	0
chr6	116792601	116792602	T	TTCC	0
chr6	159239746	159239765	GCCACCACCCGCCGCACGA	G	0
chr6	32522154	32522159	ATCCT	A	0
chr6	31027336	31027338	AC	A	0
chr6	32584315	32584322	ACCGCAC	A	0
chr6	32584359	32584360	G	GA	0
chr6	31026244	31026254	ACCACAGGCT	A	0
chr6	31028709	31028713	GACC	G	0
chr6	31197792	31197793	G	GGTGTTTCAA	0
chr6	34757877	34757878	G	GTCA	0
chr6	31197819	31197821	AT	A	0
chr6	31412379	31412384	TGCTG	T	0
chr6	32038436	32038440	CCTG	C	0
chr6	32666521	32666522	A	ACC	0
chr6	95586992	95586993	G	GTATA	0
chr6	116792598	116792599	T	TA	0
chr6	1390040	1390041	C	CCCG	0
chr6	41200974	41200978	ACAG	A	0
chr6	43282986	43282990	GGAA	G	0
chr6	44002765	44002769	CGCG	C	0
chr6	170561957	170561958	A	ACAG	0
chr7	35888822	35888823	C	CA	0
chr7	143757192	143757198	CTTCTT	C	0
chr7	35888822	35888825	CAA	C	0
chr7	102496608	102496616	TGCCCTGG	T	0
chr7	129189197	129189198	G	GGCT	0
chr7	887153	887154	G	GCGTC	0
chr7	20785320	20785324	AGCC	A	0
chr7	23182177	23182178	A	ACGGCAGCAACCG	0
chr7	39950850	39950854	AGCC	A	0
chr7	158871382	158871386	TGAA	T	0
chr7	45866137	45866138	T	TTGC	0
chr7	997745	997747	GC	G	0
chr7	35888822	35888824	CA	C	0
chr7	122013319	122013323	GTGA	G	0
chr7	18027343	18027349	CATACA	C	0
chr7	139409617	139409620	AAG	A	0
chr7	36513120	36513121	A	AT	0
chr7	105306483	105306484	C	CA	0
chr7	151086831	151086835	GTCT	G	0
chr7	151187178	151187181	CAG	C	0
chr7	124032401	124032405	CGCT	C	0
chr7	150372305	150372318	GCCGCCAGGGGCC	G	0
chr7	72925631	72925647	GCGCCGCGCTCCCCAC	G	0
chr7	97006107	97006117	AGCCGCCGCC	A	0
chr7	27095693	27095697	GCGA	G	0
chr7	101239737	101239738	A	AACAGGGAAAGG	0
chr7	151086828	151086835	CTCGTCT	C	0
chr7	30285548	30285558	CGCCGCGGCG	C	0
chr7	144667783	144667784	C	CT	0
chr7	48279103	48279107	AAAT	A	0
chr7	151086820	151086821	C	CG	0
chr7	36084620	36084621	G	GT	0
chr7	91265143	91265144	A	ACCG	0
chr7	98107205	98107209	GGCT	G	0
chr7	35888822	35888826	CAAA	C	0
chr7	76285617	76285618	C	CT	0
chr7	29884048	29884052	CTTA	C	0
chr7	116525182	116525183	G	GCC	0
chr7	5313033	5313034	T	TGAGGAG	0
chr7	6675156	6675160	CCTT	C	0
chr7	31658298	31658299	C	CTT	0
chr7	101557387	101557388	A	AG	0
chr7	44078723	44078725	GC	G	0
chr7	151066527	151066534	AGGAGGC	A	0
chr7	137928166	137928170	CTGG	C	0
chr7	151086812	151086813	C	CG	0
chr7	100064887	100064892	GTAGT	G	0
chr7	123627130	123627132	CG	C	0
chr7	36407739	36407740	A	ACTT	0
chr7	5313003	5313004	T	TGAG	0
chr7	98910257	98910263	CTGTGA	C	0
chr7	149765305	149765306	G	GCGGGGGCATCCA	0
chr7	5390357	5390363	CAAAAA	C	0
chr7	37920659	37920673	AAGGCAGTGGCAGC	A	0
chr7	155070322	155070323	C	CGT	0
chr7	143511643	143511645	GC	G	0
chr7	76611467	76611469	CA	C	0
chr7	143720309	143720312	GCT	G	0
chr7	98910221	98910223	CA	C	0
chr7	100959507	100959508	C	CCAA	0
chr7	131556269	131556276	GGGCGAC	G	0
chr7	8156937	8156955	AAAAAAAAAAAAAAAAAG	A	0
chr7	105306483	105306485	CA	C	0
chr7	36513182	36513183	G	GT	0
chr7	65954365	65954366	T	TTTA	0
chr7	4791164	4791177	CCAGCTCCACGCA	C	0
chr7	72744550	72744551	CA	C	0
chr7	150331067	150331069	GC	G	0
chr7	151087179	151087181	GC	G	0
chr7	5390357	5390360	CAA	C	0
chr7	100952391	100952392	C	CCCT	0
chr7	131556269	131556270	G	GGGCGAC	0
chr7	6674308	6674311	CAG	C	0
chr7	100221191	100221192	A	ACT	0
chr7	105112806	105112815	CTGGTCCTG	C	0
chr7	82952171	82952172	T	TTCA	0
chr7	83155514	83155515	T	TGTG	0
chr7	143443836	143443840	GTCT	G	0
chr7	5313003	5313007	TGAG	T	0
chr7	5390357	5390359	CA	C	0
chr7	100960580	100960583	ATC	A	0
chr7	157010034	157010038	TGCC	T	0
chr7	44140479	44140480	A	AG	0
chr7	8156936	8156955	AAAAAAAAAAAAAAAAAAG	A	0
chr7	51030869	51030873	GTCT	G	0
chr7	98910221	98910229	CACCTCCA	C	0
chr7	100359504	100359508	GCCT	G	0
chr7	12351641	12351642	T	TA	0
chr7	70790589	70790590	G	GCCACCA	0
chr7	100779515	100779516	A	AGGGC	0
chr7	151187178	151187179	C	CAG	0
chr7	39339687	39339691	CCAG	C	0
chr7	8156928	8156947	TAAAAAAAAAAAAAAAAAA	T	0
chr7	5390357	5390361	CAAA	C	0
chr7	98910224	98910226	CT	C	0
chr7	144129635	144129639	ACTT	A	0
chr7	105112806	105112811	CTGGT	C	0
chr7	124032401	124032408	CGCTGCT	C	0
chr7	19145122	19145123	C	CTCT	0
chr7	72925660	72925676	ACCGCCGCGCTCCCCC	A	0
chr7	87166563	87166567	TTGA	T	0
chr7	98910221	98910226	CACCT	C	0
chr7	100755389	100755393	TACA	T	0
chr7	152247985	152247986	G	GT	0
chr7	5390357	5390362	CAAAA	C	0
chr7	99836453	99836455	TA	T	0
chr7	25226949	25226953	TTAA	T	0
chr7	1547016	1547017	A	AGCC	0
chr7	20785423	20785427	TGCG	T	0
chr7	151016813	151016814	G	GC	0
chr7	4803581	4803582	C	CCTGCCAGGG	0
chr7	100960584	100960585	C	CGT	0
chr7	102934551	102934555	TGAA	T	0
chr7	22817410	22817412	CT	C	0
chr7	36513179	36513180	A	AG	0
chr7	43647474	43647478	TGGA	T	0
chr7	92022863	92022864	A	AAAC	0
chr7	15686171	15686175	ATGG	A	0
chr7	22817410	22817411	C	CT	0
chr7	97006107	97006108	A	AGCC	0
chr7	76285615	76285616	G	GC	0
chr7	98910248	98910251	CTG	C	0
chr7	151086834	151086835	T	TGGGG	0
chr1	103533843	103533845	GA	G	0
chr1	159432793	159432794	G	GT	0
chr1	171193411	171193412	T	TGAC	0
chr1	27942321	27942322	C	CG	0
chr1	48104036	48104037	G	GT	0
chr1	1752907	1752908	C	CCCT	0
chr1	20553773	20553777	CGAG	C	0
chr1	21706891	21706892	G	GA	0
chr1	48104036	48104038	GT	G	0
chr1	247815238	247815242	AAGG	A	0
chr1	247896049	247896053	ACTC	A	0
chr1	803749	803750	T	TA	0
chr1	2529504	2529505	C	CGCG	0
chr1	16565780	16565782	TG	T	0
chr1	244970246	244970249	GGC	G	0
chr1	26282356	26282367	CTGGGGCCGGG	C	0
chr1	207889755	207889756	A	AG	0
chr1	244970320	244970321	T	TCCTCC	0
chr1	3021842	3021846	CAGA	C	0
chr1	26696447	26696451	CCCG	C	0
chr1	145575760	145575765	GGATA	G	0
chr1	84574314	84574324	CGCAGCGCCA	C	0
chr1	26282373	26282376	ACC	A	0
chr1	74572172	74572176	CCCT	C	0
chr1	248295572	248295574	CT	C	0
chr1	32209140	32209141	T	TG	0
chr1	86580218	86580219	A	ACCTACT	0
chr1	229249921	229249924	TTC	T	0
chr1	186306327	186306331	CAAG	C	0
chr1	46815073	46815076	GAT	G	0
chr1	175160810	175160819	TTCTTCTTG	T	0
chr1	85132995	85132996	T	TA	0
chr1	248362025	248362026	C	CTA	0
chr1	233202200	233202201	C	CT	0
chr1	1641722	1641732	TTCCTCCTCC	T	0
chr1	55039878	55039879	A	ACTG	0
chr1	153261011	153261012	C	CGGCGGT	0
chr1	149010508	149010510	CT	C	0
chr1	152709212	152709213	G	GGGCTGCTGTAGCTCTGGC	0
chr1	153261514	153261515	A	ACTCTGGCGGCGG	0
chr1	154869853	154869863	TTGCTGCTGC	T	0
chr1	179488633	179488637	CCTT	C	0
chr1	247451958	247451960	GA	G	0
chr1	2192905	2192906	T	TTTG	0
chr1	148968850	148968852	AG	A	0
chr1	202438060	202438061	G	GT	0
chr1	243169581	243169584	AAG	A	0
chr1	240092267	240092271	GGGC	G	0
chr1	201386872	201386876	CCCA	C	0
chr1	2327506	2327507	C	CA	0
chr1	120069387	120069390	CGG	C	0
chr1	156384555	156384556	TC	T	0
chr1	207889754	207889755	G	GA	0
chr1	248650348	248650352	CAGA	C	0
chr1	103533843	103533844	G	GA	0
chr1	210094547	210094551	TGAA	T	0
chr1	1919187	1919197	CAGCGGCAGG	C	0
chr1	150226706	150226713	CTCCTCT	C	0
chr1	175160787	175160788	C	CCTT	0
chr1	225519330	225519349	ATCCAGGCGTTCCTGCCGC	A	0
chr1	248638642	248638650	TCAGCACG	T	0
chr1	6469121	6469128	TTCCTCC	T	0
chr1	116579662	116579663	G	GTCC	0
chr1	152312599	152312604	CACTG	C	0
chr1	30908465	30908469	CCAG	C	0
chr1	248294829	248294832	TAA	T	0
chr1	26282385	26282392	GCCGGGA	G	0
chr1	35738057	35738061	TTTC	T	0
chr1	26282367	26282376	ACCGGGACC	A	0
chr1	34761405	34761410	TTGTC	T	0
chr1	26282343	26282361	ACCGGGACCGGGACTGGG	A	0
chr1	114994978	114994979	G	GA	0
chr1	151291200	151291201	G	GACA	0
chr1	152223251	152223253	AT	A	0
chr1	244970783	244970785	TC	T	0
chr1	62206716	62206717	T	TAACAGA	0
chr1	86580212	86580219	TCCTACA	T	0
chr1	112710228	112710232	CTTG	C	0
chr1	220429965	220429972	TGTGTGA	T	0
chr1	248022825	248022829	CAAG	C	0
chr1	50419100	50419107	CCGGCGG	C	0
chr1	1716453	1716454	C	CTTTCTT	0
chr1	168136342	168136343	A	AG	0
chr1	225192858	225192863	CAAAG	C	0
chr1	235213962	235213966	TTCC	T	0
chr1	248650431	248650432	T	TC	0
chr1	13779898	13779899	A	ACTC	0
chr1	27942317	27942318	T	TC	0
chr1	48103805	48103808	CTG	C	0
chr1	156583438	156583440	GC	G	0
chr1	11650721	11650722	C	CGCG	0
chr1	109250112	109250113	A	ACGC	0
chr1	175160808	175160810	TC	T	0
chr1	161021483	161021485	AC	A	0
chr1	55214866	55214867	G	GGCC	0
chr1	171196662	171196664	TG	T	0
chr1	33312067	33312072	TAGTC	T	0
chr1	76868606	76868607	G	GCAGCAA	0
chr1	155078954	155078958	CGCT	C	0
chr1	10639082	10639089	CTCGTCG	C	0
chr1	84574340	84574350	CAGCAGCGCT	C	0
chr1	21474941	21474951	TGTCTCCCAG	T	0
chr1	36178098	36178102	GAGA	G	0
chr1	74109527	74109528	G	GT	0
chr1	17618488	17618492	CCCT	C	0
chr1	38046635	38046639	GGCC	G	0
chr1	228158210	228158214	CGAG	C	0
chr1	77558659	77558660	C	CTAT	0
chr1	15935986	15935987	C	CGTCCCT	0
chr1	88983824	88983826	AT	A	0
chr1	226737173	226737183	ACTGCCGCTG	A	0
chr1	205714462	205714465	TAC	T	0
chr1	10365417	10365418	A	AC	0
chr1	19081799	19081800	G	GC	0
chr1	148966646	148966648	CA	C	0
chr1	223363359	223363363	TTGC	T	0
chr1	202214228	202214230	TG	T	0
chr1	240207666	240207668	CA	C	0
chr1	179488633	179488634	C	CTTTT	0
chr1	53327838	53327842	TGCA	T	0
chr1	74144478	74144479	G	GT	0
chr1	8656261	8656268	CTCTTTG	C	0
chr1	146105062	146105069	AGAAGAC	A	0
chr1	54139645	54139646	G	GC	0
chr1	247896476	247896477	G	GA	0
chr1	16400809	16400810	G	GCTT	0
chr1	2498646	2498647	G	GGTGGGGGCC	0
chr1	21706891	21706893	GA	G	0
chr1	53459699	53459700	G	GCCGCCC	0
chr1	244065085	244065087	GT	G	0
chr1	13778625	13778626	T	TGAA	0
chr1	207889754	207889756	GA	G	0
chr1	16565776	16565777	C	CT	0
chr1	201648816	201648817	C	CCGG	0
chr1	2629378	2629382	CCAG	C	0
chr1	155085168	155085181	GGGGGTGGGCCCC	G	0
chr1	220429967	220429972	TGTGA	T	0
chr1	248453402	248453410	CTGCTGCG	C	0
chr1	205714497	205714498	G	GA	0
chr1	206101896	206101900	AAAT	A	0
chr1	6469121	6469125	TTCC	T	0
chr1	89007757	89007758	G	GT	0
chr1	148870292	148870295	GAA	G	0
chr1	23640403	23640404	T	TAAG	0
chr1	54139644	54139645	T	TGGG	0
chr1	78662884	78662885	G	GT	0
chr1	152213340	152213343	CCA	C	0
chr1	160240082	160240095	GCTCTTCTTCCTC	G	0
chr1	31914394	31914399	CTATT	C	0
chr1	40515572	40515573	C	CG	0
chr1	203054111	203054112	G	GGC	0
chr1	156595256	156595257	A	AAC	0
chr1	248362335	248362337	CA	C	0
chr1	26282333	26282341	TGGGGCCG	T	0
chr1	148105469	148105470	C	CATCT	0
chr1	47438995	47438996	T	TCCGCAC	0
chr1	148870293	148870295	GA	G	0
chr1	220429945	220429946	A	AGTGT	0
chr1	12879724	12879725	C	CG	0
chr1	148960745	148960747	GT	G	0
chr1	148870294	148870295	G	GA	0
chr1	27373178	27373180	AG	A	0
chr1	108922542	108922546	ACTT	A	0
chr1	1752907	1752911	CCCT	C	0
chr1	88784797	88784801	ATCT	A	0
chr1	15493811	15493812	A	AC	0
chr1	19270779	19270781	TC	T	0
chr1	31433041	31433042	A	ACAG	0
chr1	51302084	51302085	G	GCACCTCCCTC	0
chr1	111290865	111290866	C	CCT	0
chr1	51840390	51840394	ATCT	A	0
chr1	152213335	152213336	C	CAG	0
chr1	26183818	26183820	AC	A	0
chr1	39876089	39876090	C	CA	0
chr1	44130706	44130710	CCAA	C	0
chr1	234609198	234609199	A	AGCT	0
chr1	153934828	153934829	G	GC	0
chr1	179534889	179534893	AAAG	A	0
chr1	240207663	240207664	C	CA	0
chr1	204190482	204190484	CT	C	0
chr1	21977913	21977915	GC	G	0
chr1	40515334	40515337	CTG	C	0
chr1	42536527	42536530	AAG	A	0
chr1	86580218	86580225	ACCTACT	A	0
chr1	103533843	103533845	GA	G	0
chr1	159432793	159432794	G	GT	0
chr1	171193411	171193412	T	TGAC	0
chr1	27942321	27942322	C	CG	0
chr1	48104036	48104037	G	GT	0
chr1	1752907	1752908	C	CCCT	0
chr1	20553773	20553777	CGAG	C	0
chr1	21706891	21706892	G	GA	0
chr1	48104036	48104038	GT	G	0
chr1	247815238	247815242	AAGG	A	0
chr1	247896049	247896053	ACTC	A	0
chr1	803749	803750	T	TA	0
chr1	2529504	2529505	C	CGCG	0
chr1	16565780	16565782	TG	T	0
chr1	244970246	244970249	GGC	G	0
chr1	26282356	26282367	CTGGGGCCGGG	C	0
chr1	207889755	207889756	A	AG	0
chr1	244970320	244970321	T	TCCTCC	0
chr1	3021842	3021846	CAGA	C	0
chr1	26696447	26696451	CCCG	C	0
chr1	145575760	145575765	GGATA	G	0
chr1	84574314	84574324	CGCAGCGCCA	C	0
chr1	26282373	26282376	ACC	A	0
chr1	74572172	74572176	CCCT	C	0
chr1	248295572	248295574	CT	C	0
chr1	32209140	32209141	T	TG	0
chr1	86580218	86580219	A	ACCTACT	0
chr1	229249921	229249924	TTC	T	0
chr1	186306327	186306331	CAAG	C	0
chr1	46815073	46815076	GAT	G	0
chr1	175160810	175160819	TTCTTCTTG	T	0
chr1	85132995	85132996	T	TA	0
chr1	248362025	248362026	C	CTA	0
chr1	233202200	233202201	C	CT	0
chr1	1641722	1641732	TTCCTCCTCC	T	0
chr1	55039878	55039879	A	ACTG	0
chr1	153261011	153261012	C	CGGCGGT	0
chr1	149010508	149010510	CT	C	0
chr1	152709212	152709213	G	GGGCTGCTGTAGCTCTGGC	0
chr1	153261514	153261515	A	ACTCTGGCGGCGG	0
chr1	154869853	154869863	TTGCTGCTGC	T	0
chr1	179488633	179488637	CCTT	C	0
chr1	247451958	247451960	GA	G	0
chr1	2192905	2192906	T	TTTG	0
chr1	148968850	148968852	AG	A	0
chr1	202438060	202438061	G	GT	0
chr1	243169581	243169584	AAG	A	0
chr1	240092267	240092271	GGGC	G	0
chr1	201386872	201386876	CCCA	C	0
chr1	2327506	2327507	C	CA	0
chr1	120069387	120069390	CGG	C	0
chr1	156384555	156384556	TC	T	0
chr1	207889754	207889755	G	GA	0
chr1	248650348	248650352	CAGA	C	0
chr1	103533843	103533844	G	GA	0
chr1	210094547	210094551	TGAA	T	0
chr1	1919187	1919197	CAGCGGCAGG	C	0
chr1	150226706	150226713	CTCCTCT	C	0
chr1	175160787	175160788	C	CCTT	0
chr1	225519330	225519349	ATCCAGGCGTTCCTGCCGC	A	0
chr1	248638642	248638650	TCAGCACG	T	0
chr1	6469121	6469128	TTCCTCC	T	0
chr1	116579662	116579663	G	GTCC	0
chr1	152312599	152312604	CACTG	C	0
chr1	30908465	30908469	CCAG	C	0
chr1	248294829	248294832	TAA	T	0
chr1	26282385	26282392	GCCGGGA	G	0
chr1	35738057	35738061	TTTC	T	0
chr1	26282367	26282376	ACCGGGACC	A	0
chr1	34761405	34761410	TTGTC	T	0
chr1	26282343	26282361	ACCGGGACCGGGACTGGG	A	0
chr1	114994978	114994979	G	GA	0
chr1	151291200	151291201	G	GACA	0
chr1	152223251	152223253	AT	A	0
chr1	244970783	244970785	TC	T	0
chr1	62206716	62206717	T	TAACAGA	0
chr1	86580212	86580219	TCCTACA	T	0
chr1	112710228	112710232	CTTG	C	0
chr1	220429965	220429972	TGTGTGA	T	0
chr1	248022825	248022829	CAAG	C	0
chr1	50419100	50419107	CCGGCGG	C	0
chr1	1716453	1716454	C	CTTTCTT	0
chr1	168136342	168136343	A	AG	0
chr1	225192858	225192863	CAAAG	C	0
chr1	235213962	235213966	TTCC	T	0
chr1	248650431	248650432	T	TC	0
chr1	13779898	13779899	A	ACTC	0
chr1	27942317	27942318	T	TC	0
chr1	48103805	48103808	CTG	C	0
chr1	156583438	156583440	GC	G	0
chr1	11650721	11650722	C	CGCG	0
chr1	109250112	109250113	A	ACGC	0
chr1	175160808	175160810	TC	T	0
chr1	161021483	161021485	AC	A	0
chr1	55214866	55214867	G	GGCC	0
chr1	171196662	171196664	TG	T	0
chr1	33312067	33312072	TAGTC	T	0
chr1	76868606	76868607	G	GCAGCAA	0
chr1	155078954	155078958	CGCT	C	0
chr1	10639082	10639089	CTCGTCG	C	0
chr1	84574340	84574350	CAGCAGCGCT	C	0
chr1	21474941	21474951	TGTCTCCCAG	T	0
chr1	36178098	36178102	GAGA	G	0
chr1	74109527	74109528	G	GT	0
chr1	17618488	17618492	CCCT	C	0
chr1	38046635	38046639	GGCC	G	0
chr1	228158210	228158214	CGAG	C	0
chr1	77558659	77558660	C	CTAT	0
chr1	15935986	15935987	C	CGTCCCT	0
chr1	88983824	88983826	AT	A	0
chr1	226737173	226737183	ACTGCCGCTG	A	0
chr1	205714462	205714465	TAC	T	0
chr1	10365417	10365418	A	AC	0
chr1	19081799	19081800	G	GC	0
chr1	148966646	148966648	CA	C	0
chr1	223363359	223363363	TTGC	T	0
chr1	202214228	202214230	TG	T	0
chr1	240207666	240207668	CA	C	0
chr1	179488633	179488634	C	CTTTT	0
chr1	53327838	53327842	TGCA	T	0
chr1	74144478	74144479	G	GT	0
chr1	8656261	8656268	CTCTTTG	C	0
chr1	146105062	146105069	AGAAGAC	A	0
chr1	54139645	54139646	G	GC	0
chr1	247896476	247896477	G	GA	0
chr1	16400809	16400810	G	GCTT	0
chr1	2498646	2498647	G	GGTGGGGGCC	0
chr1	21706891	21706893	GA	G	0
chr1	53459699	53459700	G	GCCGCCC	0
chr1	244065085	244065087	GT	G	0
chr1	13778625	13778626	T	TGAA	0
chr1	207889754	207889756	GA	G	0
chr1	16565776	16565777	C	CT	0
chr1	201648816	201648817	C	CCGG	0
chr1	2629378	2629382	CCAG	C	0
chr1	155085168	155085181	GGGGGTGGGCCCC	G	0
chr1	220429967	220429972	TGTGA	T	0
chr1	248453402	248453410	CTGCTGCG	C	0
chr1	205714497	205714498	G	GA	0
chr1	206101896	206101900	AAAT	A	0
chr1	6469121	6469125	TTCC	T	0
chr1	89007757	89007758	G	GT	0
chr1	148870292	148870295	GAA	G	0
chr1	23640403	23640404	T	TAAG	0
chr1	54139644	54139645	T	TGGG	0
chr1	78662884	78662885	G	GT	0
chr1	152213340	152213343	CCA	C	0
chr1	160240082	160240095	GCTCTTCTTCCTC	G	0
chr1	31914394	31914399	CTATT	C	0
chr1	40515572	40515573	C	CG	0
chr1	203054111	203054112	G	GGC	0
chr1	156595256	156595257	A	AAC	0
chr1	248362335	248362337	CA	C	0
chr1	26282333	26282341	TGGGGCCG	T	0
chr1	148105469	148105470	C	CATCT	0
chr1	47438995	47438996	T	TCCGCAC	0
chr1	148870293	148870295	GA	G	0
chr1	220429945	220429946	A	AGTGT	0
chr1	12879724	12879725	C	CG	0
chr1	148960745	148960747	GT	G	0
chr1	148870294	148870295	G	GA	0
chr1	27373178	27373180	AG	A	0
chr1	108922542	108922546	ACTT	A	0
chr1	1752907	1752911	CCCT	C	0
chr1	88784797	88784801	ATCT	A	0
chr1	15493811	15493812	A	AC	0
chr1	19270779	19270781	TC	T	0
chr1	31433041	31433042	A	ACAG	0
chr1	51302084	51302085	G	GCACCTCCCTC	0
chr1	111290865	111290866	C	CCT	0
chr1	51840390	51840394	ATCT	A	0
chr1	152213335	152213336	C	CAG	0
chr1	26183818	26183820	AC	A	0
chr1	39876089	39876090	C	CA	0
chr1	44130706	44130710	CCAA	C	0
chr1	234609198	234609199	A	AGCT	0
chr1	153934828	153934829	G	GC	0
chr1	179534889	179534893	AAAG	A	0
chr1	240207663	240207664	C	CA	0
chr1	204190482	204190484	CT	C	0
chr1	21977913	21977915	GC	G	0
chr1	40515334	40515337	CTG	C	0
chr1	42536527	42536530	AAG	A	0
chr1	86580218	86580225	ACCTACT	A	0
chr15	43618667	43618668	A	ACAG	0
chr15	75624778	75624779	G	GT	0
chr15	22466045	22466052	CCTCCTG	C	0
chr15	31484006	31484010	TGGC	T	0
chr15	90760094	90760095	C	CT	0
chr15	39976796	39976797	G	GGACGAC	0
chr15	81323835	81323836	C	CT	0
chr15	84172532	84172533	A	AG	0
chr15	33844877	33844881	TAGA	T	0
chr15	43206280	43206283	ATG	A	0
chr15	101489479	101489480	G	GGC	0
chr15	99105900	99105901	A	AG	0
chr15	23440393	23440395	CT	C	0
chr15	89751074	89751075	C	CACGGGGCTCGG	0
chr15	23440600	23440604	TCTC	T	0
chr15	40807700	40807701	T	TGGGGC	0
chr15	99716651	99716652	A	ACG	0
chr15	64675691	64675695	AAAG	A	0
chr15	72474872	72474873	T	TGGC	0
chr15	92655447	92655454	TTGGAGC	T	0
chr15	43525605	43525609	AGGT	A	0
chr15	74072269	74072273	GCCT	G	0
chr15	22786700	22786704	GGCC	G	0
chr15	32598156	32598160	GAGA	G	0
chr15	84643644	84643663	ACTTGGCTCCGTGTTCCAT	A	0
chr15	23439857	23439858	C	CATT	0
chr15	31484006	31484007	T	TGGCGGCGGCGGC	0
chr15	80948904	80948908	TGAA	T	0
chr15	89776902	89776915	AGGGCAGGGGCAG	A	0
chr15	20534634	20534637	TCC	T	0
chr15	20534698	20534705	CCTCCTG	C	0
chr15	32450920	32450924	CCTT	C	0
chr15	84895079	84895080	C	CTTG	0
chr15	74543947	74543948	T	TCAG	0
chr15	99712503	99712519	CCAGCAGCAGCAGCAG	C	0
chr15	23440862	23440863	T	TCTC	0
chr15	78620724	78620728	ACAG	A	0
chr15	78266241	78266244	CAT	C	0
chr15	89751072	89751073	C	CG	0
chr15	23440077	23440078	T	TG	0
chr15	70984140	70984144	GCAA	G	0
chr15	92997084	92997085	G	GA	0
chr15	99105897	99105898	G	GACGCGGCTGTGCGC	0
chr15	78766597	78766601	GCGC	G	0
chr15	23440677	23440681	ATCT	A	0
chr15	99712503	99712510	CCAGCAG	C	0
chr15	34038911	34038924	CCCGCCGCCGCCT	C	0
chr15	43618667	43618671	ACAG	A	0
chr15	23439856	23439857	G	GCAT	0
chr15	38484604	38484614	AGGTGGTGGT	A	0
chr15	27271592	27271597	GAGTC	G	0
chr15	90760094	90760096	CT	C	0
chr15	74244058	74244062	TAAG	T	0
chr15	90885290	90885292	CT	C	0
chr15	98968574	98968575	A	AC	0
chr15	20535051	20535052	T	TCC	0
chr15	99712503	99712507	CCAG	C	0
chr15	30407964	30407965	C	CTTG	0
chr15	23440395	23440397	TC	T	0
chr15	23440456	23440458	TC	T	0
chr15	30373076	30373079	TCA	T	0
chr15	32798900	32798904	CCTT	C	0
chr15	23360742	23360746	AAGG	A	0
chr15	82344787	82344791	GCCT	G	0
chr14	45246814	45246815	A	AT	0
chr14	93066319	93066320	A	ATG	0
chr14	34768732	34768733	C	CT	0
chr14	92688191	92688195	TGGC	T	0
chr14	92071042	92071043	T	TGC	0
chr14	93066319	93066322	ATG	A	0
chr14	105529711	105529715	TGCC	T	0
chr14	24212553	24212556	ATT	A	0
chr14	28792102	28792103	A	AAC	0
chr14	30605564	30605565	T	TA	0
chr14	92071033	92071034	G	GC	0
chr14	95517234	95517248	CCCCACAGTCCGGG	C	0
chr14	106324502	106324505	TCC	T	0
chr14	96502495	96502496	G	GC	0
chr14	57205905	57205908	AGG	A	0
chr14	24001480	24001481	T	TA	0
chr14	70809055	70809059	GCCT	G	0
chr14	100884332	100884333	C	CTCT	0
chr14	20990160	20990165	CCCCG	C	0
chr14	103110465	103110468	CGG	C	0
chr14	22902055	22902056	G	GGCA	0
chr14	80831095	80831098	GAT	G	0
chr14	67204764	67204765	C	CT	0
chr14	88385934	88385936	TG	T	0
chr14	93066335	93066342	GTGTGTA	G	0
chr14	20990191	20990192	T	TTG	0
chr14	67592277	67592278	T	TA	0
chr14	76196032	76196033	G	GT	0
chr14	24369694	24369695	A	AGGGGGTGCT	0
chr14	19426872	19426873	G	GA	0
chr14	103914533	103914535	TC	T	0
chr14	54702331	54702332	C	CCAG	0
chr14	23275616	23275620	TTCC	T	0
chr14	104588780	104588790	TGACGGGCAG	T	0
chr14	106268738	106268742	CACT	C	0
chr14	24212553	24212555	AT	A	0
chr14	103110465	103110467	CG	C	0
chr14	22124025	22124026	G	GC	0
chr14	31387188	31387192	CAAG	C	0
chr14	100239449	100239453	GCCA	G	0
chr14	23080668	23080672	TTCC	T	0
chr14	96860760	96860761	T	TTG	0
chr14	23275590	23275597	ACATCAT	A	0
chr14	53152761	53152762	T	TGCCGCC	0
chr14	92071052	92071053	T	TGCTGCTGCTG	0
chr14	22505163	22505164	TC	T	0
chr14	93943928	93943930	CA	C	0
chr14	18974760	18974761	A	ATTTT	0
chr14	24182417	24182420	CAG	C	0
chr14	106324499	106324500	G	GTC	0
chr14	23079577	23079578	C	CGTGAAT	0
chr14	67592277	67592279	TA	T	0
chr14	106538005	106538006	TGC	T	0
chr14	77027447	77027451	CTGT	C	0
chr14	77468895	77468896	T	TG	0
chr14	22007906	22007908	CA	C	0
chr14	22902045	22902046	G	GGGC	0
chr14	29927415	29927416	G	GCCCGGA	0
chr14	73105897	73105900	AAG	A	0
chr14	23275590	23275594	ACAT	A	0
chr14	28792100	28792101	A	AC	0
chr14	21092592	21092599	GGAGGCT	G	0
chr14	106268747	106268748	T	TATA	0
chr14	77027417	77027424	TTGCTGC	T	0
chr14	99175205	99175209	GCTC	G	0
chr14	24177196	24177197	G	GGAA	0
chr14	24177200	24177202	GA	G	0
chr14	77027417	77027421	TTGC	T	0
chr14	94769866	94769867	G	GCGC	0
chr14	91417187	91417189	GC	G	0
chr14	77900589	77900590	G	GAAC	0
chr14	20002692	20002694	CT	C	0
chr14	24214059	24214061	CA	C	0
chr14	67198162	67198166	TGAA	T	0
chr14	106421912	106421914	CT	C	0
chr14	77027468	77027472	CTGT	C	0
chr14	22503797	22503799	AC	A	0
chr14	92071051	92071052	G	GC	0
chr14	34768732	34768734	CT	C	0
chr14	106592730	106592732	GA	G	0
chr14	22771503	22771504	T	TAGC	0
chr14	104886546	104886553	CGCAGGA	C	0
chr14	105168368	105168369	C	CCAG	0
chr14	28792097	28792099	TA	T	0
chr14	73593808	73593813	GCTTA	G	0
chr14	94115783	94115784	T	TGGCCATGGC	0
chr14	73593806	73593807	T	TTCAA	0
chr14	77027303	77027307	AGCG	A	0
chr14	24212553	24212557	ATTT	A	0
chr14	91574244	91574246	TC	T	0
chr14	106421909	106421912	CTA	C	0
chr14	36581063	36581067	ACCG	A	0
chr14	95436969	95436973	TAGA	T	0
chr14	73739237	73739238	C	CTGCTGCTGT	0
chr14	103338418	103338419	A	ACAC	0
chr14	105893550	105893551	G	GCCA	0
chr14	69573085	69573092	CGCGGCG	C	0
chr14	22007898	22007902	AGGT	A	0
chr16	381743	381747	AAGC	A	0
chr16	8645976	8645978	GC	G	0
chr16	85656393	85656400	CGAGCGT	C	0
chr16	33009517	33009518	G	GTT	0
chr16	372543	372544	A	AG	0
chr16	72797457	72797461	CTTG	C	0
chr16	66484760	66484762	AC	A	0
chr16	74391722	74391738	CCCTCTTCCACCCTCT	C	0
chr16	81208542	81208545	GTT	G	0
chr16	28588680	28588681	C	CA	0
chr16	71922607	71922608	A	AATGCCC	0
chr16	57061929	57061934	AAAAG	A	0
chr16	67968591	67968604	GCCCGCCGCTGTC	G	0
chr16	88733963	88733967	GTCC	G	0
chr16	2009734	2009736	CG	C	0
chr16	2857669	2857672	GGT	G	0
chr16	72797457	72797458	C	CTTG	0
chr16	15873503	15873504	T	TCTA	0
chr16	88774	88775	G	GA	0
chr16	400139	400140	C	CAG	0
chr16	71922607	71922614	AATGCCC	A	0
chr16	1980003	1980005	GT	G	0
chr16	21404231	21404232	T	TC	0
chr16	88528130	88528134	TGAA	T	0
chr16	85656375	85656382	GGAGCGC	G	0
chr16	1256557	1256559	AG	A	0
chr16	67842919	67842923	ACAG	A	0
chr16	11933616	11933619	CAT	C	0
chr16	3020706	3020708	TG	T	0
chr16	3069295	3069296	C	CG	0
chr16	88772	88773	A	AG	0
chr16	2009619	2009621	GC	G	0
chr16	30659841	30659845	AGAG	A	0
chr16	8645981	8645982	A	AGATCGCCT	0
chr16	88723257	88723258	G	GCCTGCT	0
chr16	22008324	22008326	AG	A	0
chr16	76277703	76277704	G	GT	0
chr16	780558	780560	CG	C	0
chr16	30005317	30005331	CACCCCCTAAGATG	C	0
chr16	31759374	31759375	G	GA	0
chr16	1999880	1999881	G	GTCC	0
chr16	67652327	67652331	GAGA	G	0
chr16	717425	717426	T	TG	0
chr16	805516	805523	GGCAGCT	G	0
chr16	11915672	11915682	CCCGCCGCCG	C	0
chr16	88533291	88533293	CT	C	0
chr16	1961642	1961643	G	GC	0
chr16	20349764	20349765	T	TTCTGCCAGA	0
chr16	30223147	30223149	AT	A	0
chr16	57061922	57061923	T	TAAGAAAAAAAGA	0
chr16	4702105	4702109	ACTG	A	0
chr16	90094594	90094595	C	CGG	0
chr16	2771011	2771012	C	CT	0
chr16	71922625	71922632	CATGCCT	C	0
chr16	72787718	72787722	ACCG	A	0
chr16	88733986	88733990	CCTG	C	0
chr16	89224801	89224802	G	GGTGA	0
chr16	11915672	11915676	CCCG	C	0
chr16	50153768	50153772	GGCA	G	0
chr16	21404229	21404232	CAT	C	0
chr16	1773387	1773389	CG	C	0
chr16	20488437	20488440	TAC	T	0
chr16	88533286	88533289	GGA	G	0
chr16	3552226	3552227	AG	A	0
chr16	11915672	11915673	C	CCCG	0
chr16	29901480	29901481	G	GGGT	0
chr16	58543410	58543411	G	GA	0
chr16	88721198	88721202	CCTT	C	0
chr16	5072070	5072071	G	GGTCT	0
chr16	10430798	10430802	GGAC	G	0
chr16	51141743	51141747	CGCT	C	0
chr16	67842919	67842920	A	ACAG	0
chr16	19581667	19581668	T	TC	0
chr16	50729866	50729867	G	GC	0
chr16	58543410	58543412	GA	G	0
chr16	29383625	29383627	CA	C	0
chr16	88533293	88533297	CTGG	C	0
chr16	30005313	30005319	CTCCCA	C	0
chr16	90095556	90095558	GT	G	0
chr16	625086	625088	AC	A	0
chr16	1229236	1229237	CG	C	0
chr16	2771011	2771013	CT	C	0
chr16	3390048	3390052	TGTA	T	0
chr16	56839700	56839701	T	TA	0
chr16	30005313	30005315	CT	C	0
chr16	30369934	30369947	AGCCGGGGCTGGG	A	0
chr16	50225244	50225245	T	TGTC	0
chr16	72797457	72797464	CTTGTTG	C	0
chr16	80996958	80996960	AC	A	0
chr16	21404230	21404232	AT	A	0
chr16	51141743	51141744	C	CGCT	0
chr16	79211975	79211976	G	GGTAAA	0
chr16	813354	813372	AGGACGCCGGACCGACAC	A	0
chr16	30005323	30005331	CTAAGATG	C	0
chr16	87695727	87695728	C	CA	0
chr16	4206753	4206755	TC	T	0
chr16	29810098	29810114	GGCGGCGGCAGCGGCA	G	0
chr16	30005317	30005319	CA	C	0
chr16	53304496	53304500	GTTC	G	0
chr16	24572390	24572397	TAAAGAG	T	0
chr16	3356755	3356757	GT	G	0
chr16	30005322	30005331	CCTAAGATG	C	0
chr16	86510603	86510607	ACGG	A	0
chr16	88714226	88714227	G	GGTGT	0
chr16	28456525	28456526	C	CCTCTGCCTCT	0
chr16	80978409	80978411	TG	T	0
chr16	89971819	89971820	C	CA	0
chr16	72788663	72788670	TTGCTGC	T	0
chr16	89850470	89850471	C	CGAG	0
chr16	1918336	1918337	T	TC	0
chr16	30659529	30659536	AGCGGCC	A	0
chr16	72788663	72788664	T	TTGC	0
chr16	24777100	24777113	AGCAGCCACAGCC	A	0
chr16	682286	682288	GC	G	0
chr16	728953	728954	T	TG	0
chr16	4594387	4594391	CAGG	C	0
chr16	21404235	21404236	C	CT	0
chr16	4746950	4746954	TGAG	T	0
chr16	29779607	29779614	GGTCCGA	G	0
chr16	72073792	72073795	CGT	C	0
chr17	7848539	7848546	TCACCAC	T	0
chr17	76077365	76077376	TGTCCTGGCCC	T	0
chr17	3690981	3690983	TG	T	0
chr17	28381278	28381279	A	AGC	0
chr17	733025	733026	A	AGGGCC	0
chr17	45115182	45115183	C	CT	0
chr17	82256750	82256752	AT	A	0
chr17	50150016	50150017	G	GC	0
chr17	32142450	32142466	CCCGCCGCCGCCGCCG	C	0
chr17	42478927	42478928	T	TA	0
chr17	8821895	8821896	A	AG	0
chr17	21313703	21313705	TC	T	0
chr17	69194394	69194399	AACAG	A	0
chr17	75238541	75238542	G	GT	0
chr17	35479821	35479823	AG	A	0
chr17	17136246	17136250	CCAG	C	0
chr17	50515981	50515987	TTTTTG	T	0
chr17	81653316	81653318	CG	C	0
chr17	58756095	58756096	G	GGAACCC	0
chr17	38352778	38352779	G	GAGC	0
chr17	28400704	28400705	GA	G	0
chr17	7262075	7262077	CG	C	0
chr17	30834936	30834943	ACAATGT	A	0
chr17	18971371	18971372	C	CGGT	0
chr17	41486404	41486408	TGGA	T	0
chr17	5183740	5183744	TATA	T	0
chr17	31856643	31856644	G	GC	0
chr17	17793786	17793791	AGCAG	A	0
chr17	75234840	75234843	TTA	T	0
chr17	75517100	75517110	CGCCCTCCCT	C	0
chr17	37710581	37710589	GTCACCAT	G	0
chr17	63583525	63583527	GC	G	0
chr17	78223773	78223776	TTC	T	0
chr17	733079	733080	T	TCTC	0
chr17	35773342	35773343	C	CA	0
chr17	1645661	1645662	G	GAGC	0
chr17	50150018	50150019	G	GGC	0
chr17	45242066	45242070	TCCG	T	0
chr17	48037718	48037719	T	TGG	0
chr17	42184481	42184485	GGCA	G	0
chr17	82519934	82519950	CGGGCGGCGGGGCCGG	C	0
chr17	21313707	21313710	TCC	T	0
chr17	28372346	28372347	G	GC	0
chr17	32142450	32142469	CCCGCCGCCGCCGCCGCCG	C	0
chr17	7024699	7024700	C	CCAG	0
chr17	50375616	50375617	A	AAGC	0
chr17	50723951	50723953	TC	T	0
chr17	63497004	63497006	CT	C	0
chr17	69154323	69154324	C	CACCTGGAA	0
chr17	40819054	40819067	TGCCGCCGTGGCC	T	0
chr17	3063248	3063250	TA	T	0
chr17	17136246	17136253	CCAGCAG	C	0
chr17	72040337	72040338	C	CG	0
chr17	79834117	79834118	T	TGCCGCC	0
chr17	1728045	1728049	TGAG	T	0
chr17	61388629	61388630	G	GA	0
chr17	78802465	78802472	TTTTTTC	T	0
chr17	41227069	41227082	ACTGCTGCCAGCC	A	0
chr17	81119469	81119470	C	CGGGCGT	0
chr17	50699858	50699859	G	GTCA	0
chr17	48037758	48037759	A	AG	0
chr17	48937288	48937290	CT	C	0
chr17	58309245	58309246	G	GTCCTCCTCT	0
chr17	7848539	7848543	TCAC	T	0
chr17	35773344	35773345	G	GC	0
chr17	74772557	74772558	G	GA	0
chr17	7884892	7884896	CGAG	C	0
chr17	15974794	15974798	CCAA	C	0
chr17	40701881	40701883	CA	C	0
chr17	6652225	6652226	C	CG	0
chr17	49225026	49225030	CAGG	C	0
chr17	74367717	74367719	GC	G	0
chr17	15613745	15613747	GA	G	0
chr17	40141199	40141201	CT	C	0
chr17	6652224	6652225	G	GC	0
chr17	16353371	16353372	G	GCGGAGGCCC	0
chr17	28357363	28357364	G	GC	0
chr17	41084528	41084544	CCTGCTGCCGCCCCAG	C	0
chr17	74251937	74251938	G	GGTCTGAACC	0
chr17	78223702	78223703	T	TAA	0
chr17	45242066	45242067	T	TCCG	0
chr17	47157039	47157041	CA	C	0
chr17	79834440	79834444	CGTG	C	0
chr17	68523715	68523716	C	CT	0
chr17	82037613	82037614	C	CTT	0
chr17	40822512	40822516	ATCC	A	0
chr17	50150017	50150018	C	CG	0
chr17	69149048	69149051	TGA	T	0
chr17	69193975	69193978	AAT	A	0
chr17	81245699	81245703	AATG	A	0
chr17	81647905	81647909	TTAAC	T	0
chr17	17793786	17793788	AG	A	0
chr17	44903870	44903871	G	GAGT	0
chr17	4933906	4933923	ACCACCCCAGAGCCCAC	A	0
chr17	46297273	46297286	CTCAAGCCACCGT	C	0
chr17	6446123	6446125	TC	T	0
chr17	19093546	19093550	ACTT	A	0
chr17	41101538	41101544	TGAGGG	T	0
chr17	37987222	37987226	CGTT	C	0
chr17	41026758	41026760	AG	A	0
chr17	28365201	28365202	A	AG	0
chr17	41315499	41315515	TGCCCCCGCAGCCAGA	T	0
chr17	48804923	48804941	GCTTTCCAAAGTCGGGCA	G	0
chr17	48037705	48037706	C	CG	0
chr17	15440206	15440207	C	CCTT	0
chr17	7884826	7884830	CGAG	C	0
chr17	42126630	42126632	CA	C	0
chr17	79834440	79834441	C	CGTG	0
chr17	57979224	57979225	A	ATGT	0
chr17	74215705	74215707	GT	G	0
chr17	76292482	76292486	CTGA	C	0
chr17	15230796	15230802	TGTTTG	T	0
chr17	40818998	40819014	GCCGCCGCCGGAGCTT	G	0
chr17	80090345	80090346	A	ACAC	0
chr17	41238457	41238473	AGACCACCTGCTGCAG	A	0
chr17	45115180	45115181	T	TC	0
chr17	49225719	49225723	CAGG	C	0
chr17	17793783	17793786	AGC	A	0
chr17	20467468	20467469	A	ATC	0
chr17	41098082	41098083	A	AT	0
chr17	41101538	41101549	TGAGGGGAGGG	T	0
chr17	28372173	28372174	C	CG	0
chr17	74842990	74842991	A	AGCTCCGGGG	0
chr17	41302320	41302334	TGTACAGATGGTTG	T	0
chr17	21416337	21416341	CGAG	C	0
chr17	40363083	40363087	TGGC	T	0
chr17	59891036	59891038	AC	A	0
chr17	15613745	15613746	G	GA	0
chr17	3546776	3546777	A	AGACCAGCCT	0
chr17	41149523	41149524	G	GGCAGCAGCTGGGGCA	0
chr17	63477131	63477132	T	TGCTGCC	0
chr17	21253216	21253217	G	GC	0
chr3	98312588	98312590	TA	T	0
chr3	125055820	125055821	G	GCAT	0
chr3	197663	197664	C	CG	0
chr3	14064463	14064464	T	TAGC	0
chr3	46717737	46717738	A	AAGC	0
chr3	63912683	63912693	GGCAGCAGCA	G	0
chr3	184321977	184321987	AAGGAGAAGC	A	0
chr3	49312473	49312475	CA	C	0
chr3	131014201	131014202	C	CT	0
chr3	98064721	98064723	AT	A	0
chr3	184562249	184562253	CCCG	C	0
chr3	63912683	63912684	G	GGCAGCA	0
chr3	112610084	112610086	GA	G	0
chr3	112827062	112827064	GT	G	0
chr3	149520807	149520808	C	CTTAA	0
chr3	184353342	184353343	C	CCGG	0
chr3	28537113	28537115	AT	A	0
chr3	195783355	195783356	T	TG	0
chr3	7691038	7691041	ATT	A	0
chr3	40462026	40462027	G	GTGCTGCTGCTGCTGC	0
chr3	117009320	117009322	AC	A	0
chr3	112610185	112610187	GA	G	0
chr3	195780527	195780528	C	CTG	0
chr3	156979265	156979266	A	AT	0
chr3	138949614	138949625	CGGCATTCGAA	C	0
chr3	179242977	179242979	CT	C	0
chr3	28537113	28537114	A	AT	0
chr3	114010938	114010940	CG	C	0
chr3	11807448	11807453	CCACT	C	0
chr3	75737608	75737610	TC	T	0
chr3	75737742	75737744	GT	G	0
chr3	172317188	172317189	C	CT	0
chr3	184100432	184100434	AG	A	0
chr3	195721039	195721043	TTTC	T	0
chr3	98087855	98087856	G	GA	0
chr3	195783378	195783379	G	GCC	0
chr3	73062351	73062352	T	TTGG	0
chr3	134250592	134250593	A	AG	0
chr3	37417666	37417668	GA	G	0
chr3	195780491	195780502	AGGGGTGGCCT	A	0
chr3	100334839	100334840	C	CG	0
chr3	12901350	12901351	GC	G	0
chr3	195781796	195781799	GTC	G	0
chr3	195781187	195781189	TG	T	0
chr3	195783426	195783432	GTGTCA	G	0
chr3	14064384	14064397	GCAGCAGCAGCCC	G	0
chr3	40462026	40462030	GTAC	G	0
chr3	42210084	42210088	CGGA	C	0
chr3	63912683	63912687	GGCA	G	0
chr3	131014201	131014203	CT	C	0
chr3	98391561	98391562	G	GA	0
chr3	56616025	56616026	T	TCTC	0
chr3	122740442	122740443	G	GAGA	0
chr3	197871	197872	C	CTTTT	0
chr3	195779599	195779603	ATAC	A	0
chr3	53290794	53290795	ATGGCAC	A	0
chr3	37998942	37998943	A	ACAC	0
chr3	183775954	183775958	CGGA	C	0
chr3	195780524	195780527	GTC	G	0
chr3	197871	197873	CT	C	0
chr3	98264642	98264652	TTGTAACCAC	T	0
chr3	59971499	59971500	C	CT	0
chr3	123700268	123700272	GTTC	G	0
chr3	126423589	126423593	CGGA	C	0
chr3	69122344	69122348	GAGA	G	0
chr3	107772910	107772914	TAGA	T	0
chr3	126006424	126006429	TAACA	T	0
chr3	142204648	142204649	G	GA	0
chr3	179607777	179607778	G	GCTGT	0
chr3	195781794	195781795	G	GCC	0
chr3	38122578	38122582	CATG	C	0
chr3	46709582	46709586	TAAG	T	0
chr3	75732060	75732062	TC	T	0
chr3	119146278	119146282	GGAA	G	0
chr3	184711344	184711345	A	ATCC	0
chr3	52534526	52534529	ACT	A	0
chr3	42210084	42210085	C	CGGA	0
chr3	195725791	195725793	AC	A	0
chr3	56616022	56616023	A	ACTT	0
chr3	195783546	195783547	G	GTGTC	0
chr3	98312722	98312729	AGATATG	A	0
chr3	113658633	113658635	GT	G	0
chr3	195783380	195783383	GTC	G	0
chr3	190388281	190388283	AG	A	0
chr3	38307654	38307659	ATTTG	A	0
chr3	98354746	98354748	TA	T	0
chr3	168024564	168024568	GTCC	G	0
chr3	46459793	46459794	C	CCTT	0
chr3	49312473	49312474	C	CA	0
chr3	197871	197874	CTT	C	0
chr3	51993836	51993837	T	TCCTTGG	0
chr3	108757145	108757146	G	GGGGGATTA	0
chr3	49358239	49358246	GGCCGCC	G	0
chr3	160026786	160026788	GC	G	0
chr3	75741658	75741659	G	GT	0
chr3	195784573	195784575	GC	G	0
chr3	44499298	44499301	TTC	T	0
chr3	121489855	121489859	CTTT	C	0
chr3	195726145	195726147	GC	G	0
chr3	172317188	172317190	CT	C	0
chr3	112534210	112534211	C	CA	0
chr3	75738660	75738661	C	CT	0
chr3	195785501	195785502	G	GGAT	0
chr3	49358239	49358243	GGCC	G	0
chr3	73062329	73062330	C	CA	0
chr3	195778915	195778920	CGTGA	C	0
chr3	112610185	112610186	G	GA	0
chr3	130471875	130471877	AT	A	0
chr3	124763646	124763656	TTTGTTGAAC	T	0
chr3	27721935	27721936	G	GCGGCGC	0
chr3	75737403	75737404	C	CTG	0
chr3	101565163	101565165	CA	C	0
chr3	14064524	14064537	CCCAGCAGTAGCT	C	0
chr3	37984258	37984260	CA	C	0
chr3	113216266	113216270	TAGA	T	0
chr3	124927857	124927858	A	AAAG	0
chr3	52787975	52787977	CT	C	0
chr3	98168998	98169000	AT	A	0
chr3	113658633	113658634	G	GT	0
chr3	195783547	195783552	GGCTA	G	0
chr3	75738114	75738117	CCT	C	0
chr3	50118453	50118456	TGA	T	0
chr3	195725632	195725635	GCC	G	0
chr3	7691038	7691040	AT	A	0
chr3	195781625	195781632	AGCGTCG	A	0
chr3	9810374	9810375	C	CGAT	0
chr13	71866525	71866528	TGCCGCC	T	0
chr13	99982752	99982753	C	CCCA	0
chr13	77698131	77698132	T	TGG	0
chr13	113325656	113325657	A	ACACT	0
chr13	19425813	19425814	T	TGCGAA	0
chr13	71866525	71866528	TGCCGCCGCCGCCGCC	T	0
chr13	71866528	71866535	TGCCGCCGCCGCCGCC	T	0
chr13	21158124	21158125	C	CCAAAG	0
chr13	112068120	112068127	ATGGGCG	A	0
chr13	60528440	60528444	GATA	G	0
chr13	107866337	107866341	TCTG	T	0
chr13	113033971	113033973	TC	T	0
chr13	71866405	71866406	T	TGCCGCC	0
chr13	48093560	48093563	CAT	C	0
chr13	96987624	96987626	GA	G	0
chr13	50956449	50956450	T	TA	0
chr13	77698140	77698141	G	GC	0
chr13	44574728	44574732	TCCA	T	0
chr13	107866366	107866379	CGCTGCTGCTGCT	C	0
chr13	75589936	75589940	GTCC	G	0
chr13	28368598	28368602	CGAT	C	0
chr13	112068796	112068797	C	CGGGCGT	0
chr13	49668416	49668418	CA	C	0
chr13	78602347	78602351	CTGG	C	0
chr13	20988342	20988343	C	CGGGGCG	0
chr13	48037781	48037782	A	AGGAGTC	0
chr13	21172460	21172462	TG	T	0
chr13	52143913	52143914	C	CT	0
chr13	72743601	72743602	G	GGTGA	0
chr13	42888297	42888298	T	TTCAGG	0
chr13	45596583	45596602	CCCAGATACTCTTCCTCCT	C	0
chr13	107866337	107866338	T	TCTG	0
chr13	52643319	52643321	GA	G	0
chr13	99970412	99970416	TGGC	T	0
chr12	81277414	81277416	CT	C	0
chr12	53670074	53670075	G	GT	0
chr12	18701605	18701618	ATCCTCCTCCTCC	A	0
chr12	4626802	4626804	GA	G	0
chr12	7795088	7795091	CGT	C	0
chr12	113955165	113955166	C	CGGT	0
chr12	116851742	116851743	T	TA	0
chr12	121240523	121240525	CT	C	0
chr12	124980722	124980726	ACTC	A	0
chr12	865141	865142	T	TC	0
chr12	71854566	71854570	CATT	C	0
chr12	122995575	122995585	TGCCACCACC	T	0
chr12	12477730	12477740	TGCACGCTGG	T	0
chr12	12477740	12477746	GCACGC	G	0
chr12	8946398	8946399	G	GAAC	0
chr12	55320621	55320622	C	CA	0
chr12	76031156	76031160	TTGC	T	0
chr12	14567619	14567623	GGCA	G	0
chr12	40449703	40449705	CT	C	0
chr12	98487122	98487123	T	TA	0
chr12	98487122	98487125	TAA	T	0
chr12	118068521	118068525	TTCC	T	0
chr12	121626867	121626873	CCCGCCA	C	0
chr12	132583283	132583299	GGCCTGGGCCGCGAGC	G	0
chr12	51810253	51810254	T	TA	0
chr12	11891599	11891601	GA	G	0
chr12	124993834	124993835	C	CCTG	0
chr12	4685134	4685136	TA	T	0
chr12	27961963	27961965	CT	C	0
chr12	55551799	55551804	CTCTT	C	0
chr12	12477746	12477751	TGGGC	T	0
chr12	66310492	66310494	AG	A	0
chr12	75423033	75423034	G	GACA	0
chr12	103947408	103947412	TGAA	T	0
chr12	131828557	131828558	C	CCGCTGCTGT	0
chr12	51810253	51810255	TA	T	0
chr12	118073853	118073872	ATGATCACCTCGGGCTGGG	A	0
chr12	6667902	6667906	TTGC	T	0
chr12	14823482	14823485	CTA	C	0
chr12	6667902	6667915	TTGCTGCTGCTGC	T	0
chr12	11891599	11891600	G	GA	0
chr12	59768159	59768160	G	GA	0
chr12	1953156	1953157	T	TTGC	0
chr12	120655825	120655834	CGTGCGTGT	C	0
chr12	69936112	69936115	TGC	T	0
chr12	132472888	132472889	G	GT	0
chr12	8224770	8224772	TG	T	0
chr12	98487122	98487124	TA	T	0
chr12	39326327	39326328	C	CA	0
chr12	10806245	10806246	G	GA	0
chr12	18282463	18282467	GCCC	G	0
chr12	101726417	101726422	TTGAC	T	0
chr12	111363021	111363031	TGCCACCCCC	T	0
chr12	11267399	11267400	AG	A	0
chr12	118068521	118068528	TTCCTCC	T	0
chr12	52795628	52795647	ACCAAAGCCACCAGCCCCT	A	0
chr12	40481771	40481772	T	TA	0
chr12	56997073	56997076	AAC	A	0
chr12	48203091	48203092	C	CA	0
chr12	56229101	56229106	CAGCA	C	0
chr12	66138155	66138156	T	TA	0
chr12	113180949	113180950	A	ACTT	0
chr12	123389462	123389466	AGGC	A	0
chr12	18701605	18701612	ATCCTCC	A	0
chr12	69694438	69694440	GT	G	0
chr12	103979949	103979950	G	GA	0
chr12	865188	865189	T	TC	0
chr12	55427173	55427175	CA	C	0
chr12	4626798	4626799	T	TC	0
chr12	95889059	95889064	TGGAG	T	0
chr12	6667902	6667909	TTGCTGC	T	0
chr12	51329813	51329814	A	AG	0
chr12	71755139	71755143	CCGG	C	0
chr12	132240646	132240648	TC	T	0
chr12	64318765	64318766	A	AGTT	0
chr12	11092078	11092097	GAGCAGTGAGAATTTGGTC	G	0
chr12	131828552	131828553	G	GGCTGCCGCT	0
chr12	51346631	51346632	C	CG	0
chr12	7368966	7368967	T	TGAGA	0
chr12	8863965	8863968	GGC	G	0
chr12	51346622	51346627	CATAA	C	0
chr12	106247619	106247623	TGCC	T	0
chr12	116851742	116851744	TA	T	0
chr12	51346630	51346631	A	AAG	0
chr12	53938948	53938949	C	CTTA	0
chr12	9841848	9841849	GTGT	G	0
chr12	27961963	27961964	C	CT	0
chr12	50352077	50352078	T	TGA	0
chr12	54646032	54646034	TG	T	0
chr12	71676724	71676728	AGTT	A	0
chr12	7368966	7368969	TGA	T	0
chr12	112931909	112931911	TA	T	0
chr12	121240523	121240524	C	CT	0
chr12	103984919	103984920	G	GA	0
chr12	104309959	104309960	G	GTGC	0
chr12	4850737	4850738	G	GA	0
chr12	18701605	18701621	ATCCTCCTCCTCCTCC	A	0
chr12	110582933	110582937	TCGC	T	0
chr12	49186483	49186485	AG	A	0
chr12	55129801	55129803	AT	A	0
chr12	9733110	9733111	A	ATAAGT	0
chr12	85244866	85244868	GA	G	0
chr12	6936715	6936722	CCAGCAA	C	0
chr12	122134018	122134019	T	TC	0
chr12	18701605	18701615	ATCCTCCTCC	A	0
chr12	120655825	120655832	CGTGCGT	C	0
chr12	57225403	57225404	T	TGGC	0
chr12	6566601	6566605	TCTC	T	0
chr12	55427173	55427174	C	CA	0
chr12	103985727	103985728	A	ATTGAGAGC	0
chr12	107775723	107775725	AG	A	0
chr12	116851793	116851798	GGAAA	G	0
chr12	120655817	120655822	AGTGC	A	0
chr12	4685134	4685135	T	TA	0
chr12	120996826	120996827	C	CTCATTCAT	0
chr12	52651838	52651839	A	AGCC	0
chr12	81277414	81277415	C	CT	0
chr12	132240661	132240663	GC	G	0
chr12	43806157	43806158	C	CCTCCCGGCT	0
chr12	6828857	6828858	C	CG	0
chr12	120655827	120655830	TGC	T	0
chr12	106247710	106247714	GGGC	G	0
chr12	929811	929812	C	CT	0
chr12	42234191	42234192	G	GAGAAA	0
chr10	22209554	22209555	C	CAGA	0
chr10	49326961	49326970	CGATCATCA	C	0
chr10	116623952	116623953	G	GT	0
chr10	30027570	30027571	A	ACTG	0
chr10	75401341	75401348	GCCGCCT	G	0
chr10	13654370	13654373	ACT	A	0
chr10	27413326	27413327	G	GC	0
chr10	35640335	35640336	G	GGGC	0
chr10	27053355	27053359	CTCT	C	0
chr10	45303616	45303617	T	TA	0
chr10	124984990	124984991	G	GA	0
chr10	125980293	125980297	TGAA	T	0
chr10	7563114	7563116	TC	T	0
chr10	27398604	27398605	C	CT	0
chr10	124021235	124021237	CG	C	0
chr10	116623950	116623951	A	AG	0
chr10	21146410	21146415	ACACT	A	0
chr10	37193253	37193255	AG	A	0
chr10	27398829	27398831	CT	C	0
chr10	46022477	46022479	CA	C	0
chr10	27147531	27147534	TGC	T	0
chr10	49988920	49988922	AC	A	0
chr10	63208189	63208196	ACTAAAC	A	0
chr10	73130824	73130825	G	GC	0
chr10	89738144	89738145	C	CTAAAAG	0
chr10	99535516	99535520	GGGC	G	0
chr10	89412798	89412800	AG	A	0
chr10	124021235	124021236	C	CG	0
chr10	71397275	71397281	CCGAGG	C	0
chr10	17454193	17454197	CGCA	C	0
chr10	58388808	58388810	CA	C	0
chr10	103350982	103350983	A	AGGAGGC	0
chr10	46022478	46022479	C	CA	0
chr10	124021235	124021238	CGG	C	0
chr10	97771806	97771810	GCCC	G	0
chr10	32847889	32847892	TAA	T	0
chr10	101694599	101694603	GCCT	G	0
chr10	75401341	75401342	G	GCCGCCTCCGCCT	0
chr10	47461436	47461438	GA	G	0
chr10	103473416	103473417	T	TGGGGGCTCAGGCACTGCG	0
chr10	101123088	101123090	AG	A	0
chr10	131311320	131311321	C	CGCG	0
chr10	127738727	127738728	G	GGCC	0
chr10	75022146	75022150	GGAA	G	0
chr10	50008913	50008916	CAA	C	0
chr10	103449598	103449601	CAG	C	0
chr10	87234507	87234511	TCTC	T	0
chr10	13657132	13657142	CCGCCCCCCG	C	0
chr10	7559846	7559852	TTTTTG	T	0
chr10	114326024	114326025	C	CCCG	0
chr10	7559856	7559863	GTTTTGT	G	0
chr10	32451869	32451870	C	CT	0
chr10	71397275	71397276	C	CCGAGG	0
chr10	5748002	5748012	CCTGCCTCAG	C	0
chr10	116455797	116455798	G	GA	0
chr10	80144340	80144341	G	GAGA	0
chr10	62217152	62217159	TAGCTTC	T	0
chr10	114326022	114326023	G	GCCC	0
chr10	26567283	26567284	C	CCCG	0
chr10	75099202	75099204	CT	C	0
chr10	104263070	104263074	AGAG	A	0
chr10	124989552	124989554	GT	G	0
chr10	13439172	13439175	CAG	C	0
chr10	46398329	46398331	GA	G	0
chr10	95067361	95067362	T	TA	0
chr11	89875822	89875824	GT	G	0
chr11	6546676	6546677	G	GCCCTACTGCA	0
chr11	64265027	64265030	CAG	C	0
chr11	118658333	118658334	C	CG	0
chr11	6390704	6390711	TGCTGGC	T	0
chr11	64778167	64778177	CGGCGGCGGA	C	0
chr11	118634958	118634959	GT	G	0
chr11	209893	209897	ACCC	A	0
chr11	55812285	55812286	G	GCGA	0
chr11	46320707	46320708	A	AG	0
chr11	1018090	1018093	TGG	T	0
chr11	18105982	18105983	A	ACCTCCT	0
chr11	18106010	18106011	C	CCGG	0
chr11	56376305	56376306	T	TGA	0
chr11	105008958	105008960	CT	C	0
chr11	1097225	1097228	TCA	T	0
chr11	48366130	48366132	GT	G	0
chr11	96092209	96092213	TTGC	T	0
chr11	1082883	1082887	CACA	C	0
chr11	56093800	56093802	GT	G	0
chr11	63382197	63382198	C	CA	0
chr11	112961584	112961585	G	GA	0
chr11	115504310	115504317	AAGCCGG	A	0
chr11	96092209	96092219	TTGCTGCTGC	T	0
chr11	124251391	124251392	G	GC	0
chr11	48365725	48365726	C	CACTGTCCTTCTGT	0
chr11	56375947	56375948	A	ACGGC	0
chr11	5666089	5666090	T	TAA	0
chr11	46382789	46382791	GC	G	0
chr11	55812270	55812271	G	GTTTTTTA	0
chr11	47767110	47767117	CGGTGGT	C	0
chr11	56820023	56820025	CA	C	0
chr11	46703165	46703178	CAGTGGTGACAGA	C	0
chr11	6608797	6608798	TC	T	0
chr11	2884965	2884978	ACCGCGACCGGAG	A	0
chr11	75983385	75983386	G	GA	0
chr11	62536082	62536083	T	TCTC	0
chr11	67604320	67604322	GT	G	0
chr11	112961553	112961554	A	AG	0
chr11	1621993	1621996	CGG	C	0
chr11	74171044	74171045	T	TGG	0
chr11	117918596	117918612	CGGGCTGGAGATGCCT	C	0
chr11	130428221	130428222	G	GGCA	0
chr11	4571477	4571478	C	CAG	0
chr11	99819751	99819752	C	CAACTGAGGAACCAGGCA	0
chr11	9091460	9091464	GGCA	G	0
chr11	48264428	48264432	CCTT	C	0
chr11	70952750	70952752	CG	C	0
chr11	111982380	111982381	G	GC	0
chr11	5666089	5666091	TA	T	0
chr11	1249987	1249991	GCCA	G	0
chr11	65720318	65720322	CCTT	C	0
chr11	66052427	66052428	T	TGCC	0
chr11	67997691	67997692	A	AG	0
chr11	134985600	134985603	GCA	G	0
chr11	99819758	99819759	C	CTGAGG	0
chr11	4769642	4769644	CG	C	0
chr11	56376307	56376310	CAT	C	0
chr11	58403318	58403320	AG	A	0
chr11	1017039	1017042	GGT	G	0
chr11	118535612	118535621	CAGTGTGGA	C	0
chr11	608501	608514	CGGACGCGCTCTG	C	0
chr11	1097225	1097226	T	TC	0
chr11	108917906	108917907	G	GTGATGA	0
chr11	56375948	56375953	TATCA	T	0
chr11	68018595	68018596	C	CT	0
chr11	118436697	118436701	CGCG	C	0
chr11	93741403	93741404	T	TGCGTGA	0
chr11	124880550	124880557	CCGGAGT	C	0
chr11	637360	637373	CGCGGGGGCATCT	C	0
chr11	17330929	17330933	TACA	T	0
chr11	65919007	65919011	GGCC	G	0
chr11	66744818	66744819	G	GGGCGGC	0
chr11	120123188	120123191	CCT	C	0
chr11	640069	640080	GCGGCCCCGAC	G	0
chr11	1017034	1017035	A	AAT	0
chr11	77040557	77040559	TG	T	0
chr11	369843	369847	AGCT	A	0
chr11	5454409	5454411	CA	C	0
chr11	77918085	77918086	A	AT	0
chr11	96092209	96092216	TTGCTGC	T	0
chr11	111871421	111871422	CG	C	0
chr11	124251392	124251393	C	CCTGAGGAA	0
chr11	1629995	1629996	T	TGGAG	0
chr11	44903398	44903400	GC	G	0
chr11	117351930	117351931	G	GA	0
chr11	119069227	119069228	T	TC	0
chr11	65557853	65557857	CCAG	C	0
chr11	46382789	46382792	GCC	G	0
chr11	130428221	130428225	GGCA	G	0
chr11	46382789	46382794	GCCCC	G	0
chr11	68312745	68312749	CGCT	C	0
chr11	75162708	75162718	GCACAGAAAA	G	0
chr11	5489192	5489196	ATCT	A	0
chr11	56413349	56413350	T	TG	0
chr11	56577366	56577375	CCATTGAAG	C	0
chr11	99819750	99819751	C	CCAA	0
chr11	1629997	1629998	C	CTGTGG	0
chr11	4571475	4571476	T	TAC	0
chr11	6921356	6921358	TC	T	0
chr11	62728450	62728451	C	CG	0
chr11	68312745	68312746	C	CGCT	0
chr11	6641513	6641514	C	CCAG	0
chr11	19777979	19777981	CG	C	0
chr11	77040556	77040557	CT	C	0
chr11	102796714	102796716	CA	C	0
chr11	60397878	60397881	ATT	A	0
chr11	96092209	96092222	TTGCTGCTGCTGC	T	0
chr11	89711441	89711442	G	GA	0
chr11	5489309	5489310	G	GGGCT	0
chr11	63382197	63382199	CA	C	0
chr11	72139109	72139110	C	CTA	0
chr11	73309329	73309330	G	GCTC	0
chr11	1097227	1097228	A	AACGACTACG	0
chr11	18615950	18615954	CTCT	C	0
chr11	59457655	59457657	GC	G	0
chr11	112961585	112961586	A	AG	0
chr11	126306582	126306583	C	CTGGGGA	0
chr11	5788575	5788577	GA	G	0
chr11	44903807	44903808	C	CT	0
chr11	46382789	46382790	G	GC	0
chr11	56413159	56413160	A	ACT	0
chr11	5343310	5343328	CCAGCCCCAGGTCTGTGG	C	0
chr11	8128253	8128256	CAT	C	0
chr11	77243742	77243743	T	TA	0
chr11	118658327	118658334	GGTGGCCCCAGGCA	G	0
chr11	118658335	118658342	GGTGGCCCCAGGCA	G	0
chr11	6390703	6390704	G	GCGC	0
chr11	83273726	83273727	T	TA	0
chr11	115209590	115209594	ATGG	A	0
chr11	4573327	4573328	T	TG	0
chr11	130121756	130121763	TGAAGAG	T	0
chr11	7639815	7639819	TCTC	T	0
chr11	58031635	58031637	AC	A	0
chr11	89490962	89490963	T	TCTC	0
chr11	59124902	59124904	CA	C	0
chr11	68018593	68018594	A	AC	0
chr11	6390704	6390705	T	TGGCGCTGGC	0
chr11	48325107	48325117	TTTGCTGATC	T	0
chr11	68021825	68021826	C	CT	0
chr11	112961617	112961619	GC	G	0
chr11	5403156	5403157	T	TTATC	0
chr11	502128	502144	ACTGGATGTCCAGGCT	A	0
chr11	12294838	12294842	CCTA	C	0
chr11	55812278	55812284	CAAAGT	C	0
chr11	55828026	55828027	T	TTTTAA	0
chr11	95067737	95067738	G	GC	0
chr11	3640354	3640355	A	ATGG	0
chr11	5454200	5454201	T	TCA	0
chr11	47358724	47358725	G	GCA	0
chr11	56093829	56093831	CA	C	0
chr11	5151564	5151565	A	AC	0
chr11	124251389	124251390	G	GATTTAT	0
chr11	77040496	77040498	CT	C	0
chr11	65557853	65557854	C	CCAG	0
chr11	77040538	77040539	CT	C	0
chr11	125582403	125582404	A	AC	0
chr11	77040555	77040557	GC	G	0
chr11	4368173	4368175	AG	A	0
chr11	47980976	47980980	CGCT	C	0
chr11	68021820	68021821	G	GC	0
chr11	704603	704605	GA	G	0
chr11	46382789	46382793	GCCC	G	0
chr11	55812275	55812277	TG	T	0
chr11	5070345	5070346	A	AC	0
chr11	68027907	68027908	A	AC	0
chr11	17372489	17372492	CTT	C	0
chr11	68021823	68021824	G	GC	0
chr11	124396800	124396801	A	AG	0
chr11	125431295	125431299	AGAG	A	0
chr11	44936624	44936626	GC	G	0
chr11	56613069	56613074	CCAGA	C	0
chr11	59124487	59124489	GT	G	0
chr11	65591792	65591795	CTT	C	0
chr11	58439561	58439563	AT	A	0
chr11	99819753	99819754	T	TATTTTGTCGATAGATC	0
chr11	119027724	119027726	AC	A	0
chr11	119664966	119664967	C	CCCT	0
chr11	1630363	1630368	AGTCC	A	0
chr11	6390699	6390712	CCTGGTGCTGGCG	C	0
chr11	56820173	56820174	A	AG	0
chr11	68021821	68021822	C	CA	0
chr11	105007312	105007313	G	GT	0
chr11	117351930	117351932	GA	G	0
chr20	145513	145518	GCAAA	G	0
chr20	63701285	63701286	A	AC	0
chr20	1915303	1915306	CCT	C	0
chr20	23085829	23085830	C	CT	0
chr20	5946422	5946426	CTCT	C	0
chr20	49850762	49850763	G	GT	0
chr20	145668	145671	ACC	A	0
chr20	45375514	45375518	CATT	C	0
chr20	298045	298046	CCGG	C	0
chr20	45891617	45891619	TG	T	0
chr20	2641173	2641177	CAAG	C	0
chr20	45891597	45891601	CCTG	C	0
chr20	58228619	58228620	C	CCCG	0
chr20	3045698	3045699	A	AGCCCC	0
chr20	23085845	23085848	CAG	C	0
chr20	32031238	32031239	T	TGAC	0
chr20	62065248	62065255	TGCCAGG	T	0
chr20	35652817	35652818	A	AGGGCCG	0
chr20	37241397	37241398	G	GA	0
chr20	62308712	62308713	C	CGACACGAAG	0
chr20	47651069	47651079	TGCAGCAGCA	T	0
chr20	60012727	60012728	T	TA	0
chr20	30388571	30388575	AAAG	A	0
chr20	34077057	34077058	C	CCAG	0
chr20	3471355	3471359	CGCG	C	0
chr20	1611507	1611508	G	GAC	0
chr20	44065917	44065918	C	CCCG	0
chr20	1915404	1915408	CCGA	C	0
chr20	25303301	25303302	A	AG	0
chr20	1915302	1915303	A	AGT	0
chr20	1611503	1611506	TGA	T	0
chr20	35627311	35627312	C	CA	0
chr20	63953689	63953690	C	CA	0
chr20	62064734	62064747	TGCGCCGCCGGGG	T	0
chr20	257793	257800	CTGGTCT	C	0
chr20	34077058	34077059	C	CAGT	0
chr20	45891619	45891622	CTG	C	0
chr20	64207978	64207982	CGAG	C	0
chr20	45467276	45467278	AG	A	0
chr20	63953689	63953691	CA	C	0
chr20	30391248	30391249	C	CTTG	0
chr20	30397997	30397998	T	TA	0
chr20	25476412	25476419	GCTCCCA	G	0
chr20	187983	187984	G	GT	0
chr20	3668984	3668993	ATCTGGACT	A	0
chr20	38926678	38926679	C	CGCG	0
chr20	49850762	49850764	GT	G	0
chr20	45857312	45857313	C	CATCT	0
chr20	46251214	46251218	GGCA	G	0
chr21	44550875	44550891	ACTTGCAGCAGACAGG	A	0
chr21	43055889	43055890	C	CT	0
chr21	28966882	28966884	AT	A	0
chr21	10569529	10569533	CCTT	C	0
chr21	33576389	33576391	GA	G	0
chr21	44808513	44808514	C	CA	0
chr21	44600754	44600755	CCTGCTGCGCCCCCAG	C	0
chr21	46302070	46302071	A	ATGG	0
chr21	42259995	42260011	CGGCATCCTGCACGTG	C	0
chr21	33488441	33488447	CAATTA	C	0
chr21	33070369	33070373	CCCT	C	0
chr21	45504510	45504529	CGGCCCCCCAGGCCCCCCA	C	0
chr21	40042654	40042669	ATGCTGCTTCTTGCT	A	0
chr21	26843516	26843518	GC	G	0
chr21	40042669	40042670	C	CCGA	0
chr21	44808513	44808515	CA	C	0
chr21	45504510	45504520	CGGCCCCCCA	C	0
chr21	44637694	44637710	CCTGCTGTGTGCCTGT	C	0
chr21	36719945	36719947	GA	G	0
chr21	46125454	46125455	A	AC	0
chr21	45498570	45498571	A	AG	0
chr21	44539672	44539673	A	ATG	0
chr21	32592411	32592413	CA	C	0
chr21	43055889	43055891	CT	C	0
chr21	36486265	36486266	C	CCTCAGTCACACTG	0
chr21	36719945	36719946	G	GA	0
chr21	41878844	41878845	C	CG	0
chr21	30541661	30541663	AG	A	0
chr21	44539673	44539676	ATC	A	0
chr21	33576377	33576378	G	GA	0
chr21	44637707	44637723	TGTCTGCTGTGTGCCC	T	0
chr21	40042646	40042647	T	TTTTAATGATAC	0
chr21	45505234	45505235	A	AGGCCCCCCC	0
chr21	45504501	45504520	CGGCCCCCCCGGCCCCCCA	C	0
chr21	26843506	26843507	C	CACA	0
chr21	39511743	39511744	G	GAGA	0
chr21	32797006	32797007	C	CT	0
chr21	41991438	41991442	GCCT	G	0
chr21	32631617	32631618	A	AAGTATT	0
chr21	33070369	33070370	C	CCCT	0
chr22	40861829	40861830	T	TA	0
chr22	22376483	22376484	G	GCC	0
chr22	19967392	19967393	A	AT	0
chr22	40301171	40301175	TGCA	T	0
chr22	21547774	21547775	A	ACACCTG	0
chr22	50482718	50482737	AACACTCGGGCCCCCGAAG	A	0
chr22	27798905	27798912	CTGCTGT	C	0
chr22	20566525	20566526	A	ACAG	0
chr22	22704657	22704660	GCC	G	0
chr22	23156142	23156143	A	ACTG	0
chr22	38087166	38087167	A	ACATGGAGGT	0
chr22	46262984	46262991	ACGAGCG	A	0
chr22	23156144	23156145	G	GAAA	0
chr22	29822001	29822003	TC	T	0
chr22	36191796	36191797	A	ACT	0
chr22	29441576	29441580	TTCC	T	0
chr22	37723746	37723750	TCAA	T	0
chr22	22704662	22704663	T	TGATATAC	0
chr22	22792535	22792537	GC	G	0
chr22	23156146	23156147	C	CA	0
chr22	37724167	37724171	GCCT	G	0
chr22	20425735	20425736	CGCGG	C	0
chr22	20537210	20537211	C	CCCTA	0
chr22	39100316	39100320	TAAC	T	0
chr22	17740101	17740115	GGCCACGCTCAACT	G	0
chr22	22899572	22899573	T	TA	0
chr22	42128240	42128242	CT	C	0
chr22	18517817	18517820	GGC	G	0
chr22	20425734	20425735	G	GC	0
chr22	19150072	19150079	CGCAGCA	C	0
chr22	22747453	22747456	ACT	A	0
chr22	39381816	39381817	C	CCAA	0
chr22	22162489	22162491	TC	T	0
chr22	20425682	20425683	C	CG	0
chr22	42142512	42142513	T	TC	0
chr22	20566525	20566529	ACAG	A	0
chr22	37510300	37510301	G	GCTCCTT	0
chr22	50604083	50604084	C	CG	0
chr22	29311648	29311649	G	GC	0
chr22	38087147	38087148	T	TTCATGGGTG	0
chr22	36239443	36239456	GGGATCTTCCTCT	G	0
chr22	48544901	48544902	T	TC	0
chr22	22376479	22376482	GTA	G	0
chr22	23156139	23156140	T	TCTGAGAAAA	0
chr22	29821995	29821996	C	CT	0
chr22	42128172	42128176	CCTT	C	0
chr22	19201491	19201492	A	AC	0
chr22	23622094	23622098	GCAT	G	0
chr22	37510300	37510307	GCTCCTT	G	0
chr22	42142029	42142031	GA	G	0
chr22	18517823	18517824	T	TCGCCGTATC	0
chr22	45414396	45414397	A	AC	0
chr22	19967392	19967394	AT	A	0
chr19	17455666	17455668	CG	C	0
chr19	19680066	19680069	CAT	C	0
chr19	47695375	47695378	CTG	C	0
chr19	52374462	52374463	A	AT	0
chr19	17455678	17455680	CA	C	0
chr19	17807962	17807963	A	AC	0
chr19	18433862	18433863	A	AT	0
chr19	17286683	17286692	GTGTGTGTT	G	0
chr19	18388494	18388495	C	CCGT	0
chr19	45064347	45064351	GCTC	G	0
chr19	7935166	7935167	C	CTT	0
chr19	44274641	44274643	CG	C	0
chr19	18433863	18433864	G	GA	0
chr19	18433866	18433867	G	GC	0
chr19	50378562	50378563	A	AAAC	0
chr19	5772213	5772226	ATTTTTTTTTTTT	A	0
chr19	30009210	30009214	GTGA	G	0
chr19	35511477	35511478	C	CTG	0
chr19	43204825	43204827	TC	T	0
chr19	1799763	1799765	CA	C	0
chr19	4343628	4343629	C	CGGGGCGCGGGGCTGCA	0
chr19	12430726	12430727	C	CTG	0
chr19	41382944	41382956	AGGGGACTGGGC	A	0
chr19	49115829	49115830	C	CA	0
chr19	17286689	17286692	GTT	G	0
chr19	43847013	43847020	GGGAGAT	G	0
chr19	4817275	4817276	A	AAGG	0
chr19	9251063	9251064	C	CT	0
chr19	38408860	38408864	CAAG	C	0
chr19	42116837	42116841	AGAG	A	0
chr19	464139	464140	C	CGGGG	0
chr19	22757389	22757390	A	AG	0
chr19	37388951	37388953	AT	A	0
chr19	40394271	40394275	TTCC	T	0
chr19	5772213	5772214	A	AT	0
chr19	20624370	20624371	G	GA	0
chr19	40667959	40667963	TTGC	T	0
chr19	49746674	49746693	TCTGCTTCTCCTCCGGCTC	T	0
chr19	54462807	54462808	GCCT	G	0
chr19	7935166	7935169	CTT	C	0
chr19	22756652	22756661	GTTTCATAA	G	0
chr19	35723729	35723730	A	AG	0
chr19	47271407	47271411	TGAG	T	0
chr19	47072515	47072522	AGGGGGC	A	0
chr19	11326796	11326797	T	TG	0
chr19	17719267	17719272	AAATG	A	0
chr19	9115482	9115485	TAA	T	0
chr19	1825927	1825931	TCTC	T	0
chr19	9251063	9251065	CT	C	0
chr19	13788226	13788234	CTTTTTTT	C	0
chr19	17455662	17455663	G	GC	0
chr19	58206992	58206993	A	AG	0
chr19	9126021	9126022	G	GATGGT	0
chr19	54912834	54912838	GGAA	G	0
chr19	55518191	55518192	G	GATCCCACCACAACCCCTC	0
chr19	56286472	56286476	CCTT	C	0
chr19	11348988	11348989	G	GA	0
chr19	55014734	55014735	G	GCAGA	0
chr19	57445371	57445372	C	CA	0
chr19	57639969	57639971	TG	T	0
chr19	35720471	35720475	CAAG	C	0
chr19	47414886	47414887	T	TG	0
chr19	48874922	48874924	AT	A	0
chr19	49589959	49589960	T	TCCACCC	0
chr19	52384820	52384821	G	GAT	0
chr19	55518248	55518249	C	CCCA	0
chr19	41422961	41422962	G	GC	0
chr19	1066625	1066640	AGACGGACAGGGCCC	A	0
chr19	40667986	40667993	CTGCTGT	C	0
chr19	47757037	47757038	T	TA	0
chr19	55279517	55279518	A	AGCCGCCGCC	0
chr19	13207857	13207858	C	CCTG	0
chr19	17286646	17286651	GGTGT	G	0
chr19	20790753	20790754	G	GA	0
chr19	49154631	49154632	T	TTCC	0
chr19	13788226	13788231	CTTTT	C	0
chr19	20807153	20807157	TAAG	T	0
chr19	49154452	49154453	A	ACAT	0
chr19	41577386	41577387	A	AGAC	0
chr19	10641392	10641393	C	CA	0
chr19	49154452	49154456	ACAT	A	0
chr19	8325007	8325011	GTCC	G	0
chr19	47802354	47802367	TTTGGGCCTGAGA	T	0
chr19	48446743	48446747	TGAA	T	0
chr19	13207857	13207864	CCTGCTG	C	0
chr19	1004896	1004897	G	GCGTT	0
chr19	1799763	1799766	CAA	C	0
chr19	11447524	11447528	AGAG	A	0
chr19	20790744	20790745	T	TA	0
chr19	23744938	23744941	CCA	C	0
chr19	52951221	52951222	C	CACT	0
chr19	38304939	38304943	CAAG	C	0
chr19	48077774	48077776	TG	T	0
chr19	51592779	51592785	GATAAA	G	0
chr19	971948	971949	G	GGCA	0
chr19	35270026	35270027	T	TG	0
chr19	56159902	56159912	ACCCCGGCAG	A	0
chr19	2833207	2833208	C	CGCCGTA	0
chr19	49115842	49115846	AAAG	A	0
chr19	932465	932469	TGAG	T	0
chr19	50378564	50378565	A	ACAG	0
chr19	50668937	50668941	CGTG	C	0
chr19	36149760	36149767	GGCTGGT	G	0
chr19	40617186	40617187	A	AG	0
chr19	48874922	48874923	A	AT	0
chr19	33301847	33301851	GGGC	G	0
chr19	38304905	38304909	TGAA	T	0
chr19	17286646	17286649	GGT	G	0
chr19	38392222	38392226	CCCT	C	0
chr19	10572873	10572876	CAG	C	0
chr19	17286687	17286692	GTGTT	G	0
chr19	47802332	47802345	TGGGCCTGGGATC	T	0
chr19	4499634	4499637	AAGCTGGCCGGGGAGG	A	0
chr19	7873421	7873422	G	GC	0
chr19	35270026	35270028	TG	T	0
chr19	38840221	38840222	A	AGGGGGGG	0
chr19	1434835	1434836	G	GC	0
chr19	17286677	17286692	GTGTGTGTGTGTGTT	G	0
chr19	18869244	18869245	T	TGCC	0
chr19	41116201	41116202	G	GC	0
chr19	49652103	49652110	GCCGCTC	G	0
chr19	50481873	50481874	T	TG	0
chr19	52383891	52383893	TA	T	0
chr19	12034829	12034831	CT	C	0
chr19	13207857	13207876	CCTGCTGCTGCTGCTGCTG	C	0
chr19	36638677	36638681	GGGA	G	0
chr19	38408860	38408861	C	CAAG	0
chr19	44085845	44085849	TCTC	T	0
chr19	56088070	56088071	CTCG	C	0
chr19	16157396	16157397	TA	T	0
chr19	56462408	56462409	C	CAG	0
chr19	48874922	48874925	ATT	A	0
chr19	49651041	49651044	CAG	C	0
chr19	7935166	7935168	CT	C	0
chr19	17688436	17688437	T	TGG	0
chr19	37894972	37894976	TGGA	T	0
chr19	49478907	49478908	G	GC	0
chr19	57692663	57692664	C	CA	0
chr19	13207857	13207861	CCTG	C	0
chr19	55540969	55540970	A	AC	0
chr19	35267371	35267372	G	GGGA	0
chr19	57477297	57477298	A	AGCC	0
chr19	40617188	40617189	G	GA	0
chr19	48498800	48498802	CG	C	0
chr19	58002726	58002727	A	AC	0
chr19	8334064	8334077	CTCGCTGTCGCCA	C	0
chr19	17286685	17286692	GTGTGTT	G	0
chr19	52854052	52854053	C	CA	0
chr19	42116875	42116879	AGGC	A	0
chr19	37886750	37886769	TCCTCCTCCTCCTCCCTTA	T	0
chr19	20790753	20790757	GAAA	G	0
chr19	20807160	20807161	T	TCATC	0
chr19	9126239	9126241	AG	A	0
chr19	11436200	11436204	GTCC	G	0
chr19	1799763	1799764	C	CA	0
chr19	21537631	21537633	CA	C	0
chr19	1991914	1991915	G	GT	0
chr19	49115423	49115427	CATG	C	0
chr19	53376307	53376311	GACA	G	0
chr19	4343855	4343859	AGGC	A	0
chr19	9690763	9690769	TCTCTC	T	0
chr19	34352847	34352860	ACCCCACCCCAGC	A	0
chr19	35768035	35768036	AG	A	0
chr19	3054102	3054107	CAGGT	C	0
chr19	9341349	9341352	ACT	A	0
chr19	10641403	10641404	C	CA	0
chr19	19033487	19033491	CCCG	C	0
chr19	49115843	49115846	AAG	A	0
chr19	18220546	18220548	AC	A	0
chr19	57790397	57790399	TG	T	0
chr19	35644376	35644377	C	CT	0
chr19	51332637	51332638	T	TG	0
chr19	57692663	57692665	CA	C	0
chr19	48498800	48498803	CGG	C	0
chr19	5772213	5772227	ATTTTTTTTTTTTT	A	0
chr19	13788226	13788230	CTTT	C	0
chr19	13788226	13788232	CTTTTT	C	0
chr19	21116967	21116968	T	TATA	0
chr19	49500559	49500560	C	CAG	0
chr19	57901702	57901703	T	TG	0
chr19	49651032	49651035	CTG	C	0
chr19	51354359	51354360	T	TG	0
chr19	52300415	52300418	CTG	C	0
chr19	52613391	52613395	ATGT	A	0
chr19	3613227	3613228	G	GCCTCGC	0
chr19	11447524	11447531	AGAGGAG	A	0
chr19	14583362	14583363	T	TGGA	0
chr19	45761788	45761789	A	ATCCAGC	0
chr19	1474932	1474934	TG	T	0
chr19	54171998	54172002	GCCC	G	0
chr19	464139	464141	CG	C	0
chr19	17455690	17455700	CGGGGTCGCG	C	0
chr19	45409230	45409234	CAAG	C	0
chr19	1009185	1009189	GAGC	G	0
chr19	13788226	13788229	CTT	C	0
chr19	49115829	49115832	CAA	C	0
chr19	52383992	52383993	T	TCAA	0
chr19	47072503	47072510	TGGGGGA	T	0
chr19	7873419	7873420	A	AG	0
chr19	34759784	34759787	TAG	T	0
chr19	12892337	12892338	C	CTG	0
chr19	18606578	18606582	GAGC	G	0
chr19	54839509	54839510	C	CCGG	0
chr19	19936972	19936973	T	TAAAAAA	0
chr19	39248512	39248514	CT	C	0
chr19	44793588	44793589	A	AC	0
chr19	48231759	48231760	C	CTT	0
chr19	13788226	13788233	CTTTTTT	C	0
chr19	23935333	23935335	GC	G	0
chr19	48939591	48939592	T	TG	0
chr19	10565810	10565811	G	GCCCC	0
chr19	17281820	17281821	G	GC	0
chr19	38840227	38840228	T	TGGGGGGGGGGGGGGG	0
chr19	1827020	1827024	TGGA	T	0
chr19	17455670	17455675	CTCCT	C	0
chr19	45607404	45607406	AT	A	0
chr19	55578541	55578542	C	CCCG	0
chr19	49070104	49070108	TGGA	T	0
chr19	8305714	8305715	G	GA	0
chr19	12430727	12430730	CAA	C	0
chr19	47802380	47802393	TGGGCCTGGGATC	T	0
chr19	51354619	51354620	C	CCCACAG	0
chr19	2833198	2833199	T	TA	0
chr19	17286675	17286692	GTGTGTGTGTGTGTGTT	G	0
chr19	37388949	37388950	C	CTGTG	0
chr19	14942170	14942171	T	TATC	0
chr19	49154452	49154459	ACATCAT	A	0
chr19	42763987	42763989	AG	A	0
chr19	55518184	55518185	G	GACTGCTGACCCCACCACT	0
chr19	1535193	1535197	GCCC	G	0
chr19	10871707	10871708	A	AGCG	0
chr19	52374462	52374464	AT	A	0
chr19	46493758	46493759	C	CCGGCCT	0
chr19	48944490	48944493	GGA	G	0
chr19	55518173	55518174	C	CATCCCACCATGACTGCTG	0
chr19	55912557	55912562	TGAAA	T	0
chr19	2833222	2833229	ACCTCCC	A	0
chr19	52384816	52384817	T	TTTGGGAGGCCGAGGCGG	0
chr19	35511515	35511519	GCCA	G	0
chr19	1827020	1827021	T	TGGA	0
chr19	12076154	12076160	ATTATC	A	0
chr19	16628702	16628703	G	GC	0
chr19	51225846	51225851	CCCGG	C	0
chr19	51501536	51501537	G	GC	0
chr19	7011864	7011866	GT	G	0
chr19	51594306	51594307	G	GA	0
chr19	57874500	57874501	C	CATA	0
chr19	11447524	11447525	A	AGAG	0
chr19	49115829	49115831	CA	C	0
chr19	19320879	19320895	AGCGGCCCAGGCGGCG	A	0
chr19	40667989	40667993	CTGT	C	0
chr19	41363039	41363040	T	TTCGAGA	0
chr18	76379001	76379002	CG	C	0
chr18	49879054	49879055	T	TGAG	0
chr18	74556355	74556356	G	GTGCTGC	0
chr18	11689669	11689670	C	CGGCCCT	0
chr18	46253734	46253735	T	TCTG	0
chr18	47098220	47098223	CAA	C	0
chr18	44876704	44876705	C	CTCTT	0
chr18	76496528	76496529	CG	C	0
chr18	58537154	58537170	ACAGTTGATGTGTCCT	A	0
chr18	79715186	79715187	T	TGGA	0
chr18	54269586	54269590	GCGA	G	0
chr18	58536019	58536023	AAAG	A	0
chr18	80147459	80147460	G	GCTGTGGTGC	0
chr18	51196774	51196784	CGCCGCCGCG	C	0
chr18	79863690	79863691	G	GGGC	0
chr18	46969060	46969061	C	CAG	0
chr18	3456680	3456683	GAC	G	0
chr18	26548296	26548300	GTCC	G	0
chr18	46560315	46560319	CTCT	C	0
chr18	22172110	22172114	TACC	T	0
chr18	36718378	36718397	CACCTTTCTGGGTTTGCCG	C	0
chr18	62275512	62275514	AT	A	0
chr18	46099311	46099313	CT	C	0
chr18	36718363	36718364	T	TCC	0
chr18	47023092	47023106	GCATCCAGGCCTCT	G	0
chr18	59230434	59230439	TGAAG	T	0
chr18	62275512	62275513	A	ATT	0
chr18	26548257	26548261	TTCC	T	0
chr18	49122	49123	T	TCTCAC	0
chr18	47098220	47098222	CA	C	0
chr18	21520796	21520797	A	ATCT	0
chr18	47098220	47098221	C	CAA	0
chr18	5891373	5891386	GGCGGCGGCGGCC	G	0
chr18	32772093	32772102	GCGCCGGCC	G	0
chr18	54224213	54224214	T	TGCC	0
chr18	46969061	46969062	T	TGC	0
chr18	47098282	47098286	GGAA	G	0
chr18	80168911	80168912	T	TACAAATAAC	0
chr18	46963134	46963135	T	TGC	0
chr18	23136049	23136059	GGGCGCCGGC	G	0
chr18	33745913	33745914	T	TCC	0
chr18	70196613	70196614	T	TCTC	0
chr18	9104205	9104206	G	GC	0
chr18	68691276	68691279	TAA	T	0
chr18	3452223	3452225	CT	C	0
chr9	41644459	41644460	G	GAC	0
chr9	72700516	72700520	GAGA	G	0
chr9	130681604	130681614	TCGCCGCCGC	T	0
chr9	68285994	68285995	G	GA	0
chr9	67293453	67293454	C	CA	0
chr9	116398478	116398479	T	TAA	0
chr9	128840617	128840620	ATT	A	0
chr9	40265389	40265392	TGA	T	0
chr9	135259269	135259270	C	CGG	0
chr9	117369	117372	GCC	G	0
chr9	122093050	122093051	G	GTGGCCT	0
chr9	35811487	35811500	ACCAGGACCAGAG	A	0
chr9	76175211	76175222	GAATGGAATGA	G	0
chr9	128258515	128258522	GCCTCCT	G	0
chr9	64373273	64373278	CAAAG	C	0
chr9	85741904	85741908	AGGC	A	0
chr9	76703458	76703474	GGTGACAGCCTGCAAC	G	0
chr9	135077149	135077150	G	GCA	0
chr9	130681604	130681623	TCGCCGCCGCCGCCGCCGC	T	0
chr9	135259188	135259189	C	CAA	0
chr9	107331688	107331689	C	CA	0
chr9	66989705	66989707	TC	T	0
chr9	36003430	36003433	CTT	C	0
chr9	86322935	86322939	ATTT	A	0
chr9	110207463	110207465	AT	A	0
chr9	35906612	35906613	A	ACCC	0
chr9	122093179	122093183	ACCG	A	0
chr9	27524365	27524366	G	GTGTT	0
chr9	128840617	128840619	AT	A	0
chr9	41644444	41644445	T	TCA	0
chr9	110048734	110048753	TCCCCCGGAGTCTCCTGGA	T	0
chr9	97854411	97854424	TGCCGCAGCCGCC	T	0
chr9	35674192	35674211	CGGAGAGGAGGATCTACCT	C	0
chr9	69387994	69387995	T	TGTTATA	0
chr9	116398478	116398480	TA	T	0
chr9	135945094	135945098	GCCT	G	0
chr9	136687305	136687306	C	CCAG	0
chr9	76175226	76175237	GAATGGAATGA	G	0
chr9	128258515	128258519	GCCT	G	0
chr9	136341023	136341025	TC	T	0
chr9	77384630	77384631	G	GTGA	0
chr9	35906602	35906603	C	CA	0
chr9	129868384	129868388	TGAC	T	0
chr9	136383541	136383545	CGCT	C	0
chr9	138023717	138023733	TGGAGAAGGAGACCAC	T	0
chr9	77384630	77384634	GTGA	G	0
chr9	120714263	120714270	ACGGCGG	A	0
chr9	134642251	134642255	CGCT	C	0
chr9	35906349	35906353	CCTG	C	0
chr9	107331688	107331690	CA	C	0
chr9	135549838	135549839	G	GC	0
chr9	4859137	4859138	A	AC	0
chr9	107331688	107331692	CAAA	C	0
chr9	64373282	64373285	CAG	C	0
chr9	116398478	116398481	TAA	T	0
chr9	135077149	135077152	GCA	G	0
chr9	76175234	76175235	T	TG	0
chr9	33796691	33796695	TGAG	T	0
chr9	117365	117366	C	CCG	0
chr9	76175284	76175287	TCG	T	0
chr9	97904744	97904745	A	AGACACCAAG	0
chr9	113425364	113425365	G	GGCA	0
chr9	67867343	67867348	AAAAG	A	0
chr9	135259270	135259273	TTC	T	0
chr9	25678178	25678179	A	ACGC	0
chr9	122511105	122511106	A	AT	0
chr9	123065472	123065474	CA	C	0
chr9	70140211	70140215	TAAA	T	0
chr9	76175287	76175291	AATC	A	0
chr9	122629490	122629491	C	CA	0
chr9	6329009	6329011	TG	T	0
chr9	41644444	41644447	ACT	A	0
chr9	76175231	76175237	GAATGA	G	0
chr9	137878216	137878217	C	CTCCATTCGAGT	0
chr9	104605110	104605115	TGTTA	T	0
chr9	128840617	128840618	A	AT	0
chr9	99105254	99105264	TGGCGGCGGC	T	0
chr9	104598486	104598488	GT	G	0
chr9	135077072	135077073	G	GAA	0
chr9	123065472	123065473	C	CA	0
chr9	97854417	97854424	AGCCGCC	A	0
chr9	104605382	104605385	AGC	A	0
chr9	110138060	110138061	G	GGAAGCT	0
chr9	135624499	135624501	CA	C	0
chr9	21228002	21228003	A	AT	0
chr9	113169869	113169870	T	TTTC	0
chr9	15249987	15249991	TACC	T	0
chr9	18826262	18826264	GT	G	0
chr9	35562395	35562396	A	ATAGT	0
chr9	41644425	41644426	C	CAG	0
chr9	35682766	35682767	A	AG	0
chr9	94318661	94318665	GAGA	G	0
chr8	97775936	97775937	C	CGGCGGGCTCCAGGCGA	0
chr8	7541826	7541828	AG	A	0
chr8	27536816	27536817	A	AGTC	0
chr8	143866623	143866624	G	GC	0
chr8	37735967	37735968	G	GA	0
chr8	143866629	143866630	T	TTAG	0
chr8	10610140	10610141	C	CCTCTCTTCTT	0
chr8	41309117	41309121	GGCT	G	0
chr8	144838055	144838057	GC	G	0
chr8	143866610	143866611	G	GA	0
chr8	8318864	8318865	C	CGGGGCG	0
chr8	102560803	102560814	AACCCGTGCAG	A	0
chr8	144547956	144547960	TCTG	T	0
chr8	143440215	143440219	TGAG	T	0
chr8	143866612	143866613	T	TCCATCTC	0
chr8	85214591	85214592	C	CAACATT	0
chr8	116771752	116771756	GCTT	G	0
chr8	143429782	143429789	ATGGTGG	A	0
chr8	143866607	143866609	CG	C	0
chr8	47893254	47893255	A	AG	0
chr8	544657	544664	GGGCGGC	G	0
chr8	17279810	17279813	TTA	T	0
chr8	38969665	38969667	CG	C	0
chr8	12185354	12185356	CG	C	0
chr8	47954348	47954350	AT	A	0
chr8	12427635	12427637	CG	C	0
chr8	99832373	99832376	TCG	T	0
chr8	142464251	142464255	ACTG	A	0
chr8	96231295	96231296	G	GT	0
chr8	143327767	143327768	A	AG	0
chr8	143440215	143440216	T	TGAG	0
chr8	17081789	17081790	C	CA	0
chr8	10554001	10554003	TG	T	0
chr8	87351756	87351760	GTAT	G	0
chr8	143866615	143866616	T	TCA	0
chr8	143866620	143866622	CA	C	0
chr8	33496716	33496717	A	AGAT	0
chr8	64581449	64581450	T	TAGCGGC	0
chr8	47954348	47954349	A	AT	0
chr8	1678293	1678294	T	TCAC	0
chr8	100717807	100717808	T	TC	0
chr8	124518784	124518785	A	AT	0
chr8	144774230	144774234	CTTT	C	0
chr8	8377351	8377352	C	CGCCGCT	0
chr8	141449676	141449677	C	CA	0
chr8	99832375	99832376	G	GTTTTT	0
chr8	68331067	68331082	TCCGGCTCTCAGCGC	T	0
chr8	22109194	22109195	CG	C	0
chr8	38969666	38969667	GC	G	0
chr8	64581462	64581463	G	GGCA	0
chr8	140662689	140662696	AGTCAAT	A	0
chr8	22404714	22404721	AGCTGCT	A	0
chr8	37735967	37735969	GA	G	0
chr8	80171362	80171375	AAAGCCCGAGTCC	A	0
chr8	124518784	124518786	AT	A	0
chr8	143429782	143429786	ATGG	A	0
chr8	102560794	102560803	AGCCCCTGC	A	0
chr8	144052036	144052037	GCC	G	0
chr8	100709703	100709705	CT	C	0
chr8	144513383	144513384	CG	C	0
chr8	64581059	64581060	T	TGGC	0
chr8	73669054	73669055	A	AG	0
chr8	22109188	22109190	GC	G	0
chr8	80486811	80486815	TGTC	T	0
chr8	74752458	74752460	CA	C	0
chr8	76853061	76853065	ACCT	A	0
chr8	100194230	100194231	A	AGAC	0
chr8	102238610	102238611	C	CG	0
chr8	22713393	22713395	GT	G	0
chr8	119208535	119208536	CG	C	0
chr8	71843411	71843412	C	CT	0
chr8	144462366	144462370	GGCC	G	0
chr8	10610113	10610114	T	TATTACTTTAGTCCCC	0
chr8	144052035	144052037	AGC	A	0
chr8	55164147	55164151	TTGC	T	0
chr8	11801865	11801867	AT	A	0
chr8	143567370	143567371	G	GC	0
